user_id,last_order_date,cart_abandoned_date,avg_order_value,sessions_last_30d,num_cart_items,engagement_score,profitability_score,days_since_abandon,aov_bucket,eng_bucket,prof_bucket,segment_raw,final_segment
5,2025-07-10,2025-09-15,300.0,3,7,0.2961361674040034,0.838315475346824,5.0,Low AOV,Low Eng,High Prof,Low AOV | Low Eng | High Prof,ELSE
11,2024-10-24,2025-09-14,819.0,2,8,0.29933849074611246,0.5971367135527491,6.0,Low AOV,Low Eng,Low Prof,Low AOV | Low Eng | Low Prof,Low AOV | Low Eng | Low Prof
28,2025-01-27,2025-09-19,2208.0,7,4,0.6741502034151682,0.500902657373436,1.0,Mid AOV,Med Eng,Low Prof,Mid AOV | Med Eng | Low Prof,Mid AOV
34,2024-12-23,2025-09-19,1223.0,3,7,0.237269469259235,0.6950123603923553,1.0,Mid AOV,Low Eng,High Prof,Mid AOV | Low Eng | High Prof,Mid AOV
35,2025-03-14,2025-09-14,418.0,4,9,0.19972160678658796,0.3574600319891149,6.0,Low AOV,Low Eng,Low Prof,Low AOV | Low Eng | Low Prof,Low AOV | Low Eng | Low Prof
50,2024-11-08,2025-09-13,712.0,2,7,0.6930942985432308,0.20606210412179635,7.0,Low AOV,Med Eng,Low Prof,Low AOV | Med Eng | Low Prof,Low AOV | Med Eng
76,2024-11-20,2025-09-17,2211.0,2,1,0.23729113141240174,0.7598775225964288,3.0,Mid AOV,Low Eng,High Prof,Mid AOV | Low Eng | High Prof,Mid AOV
78,2025-02-17,2025-09-20,606.0,4,3,0.503845066488662,0.9037763167295865,0.0,Low AOV,Med Eng,High Prof,Low AOV | Med Eng | High Prof,Low AOV | Med Eng
80,2025-03-14,2025-09-13,1306.0,3,9,0.1744355096624583,0.42109148823436016,7.0,Mid AOV,Low Eng,Low Prof,Mid AOV | Low Eng | Low Prof,Mid AOV
90,2025-03-16,2025-09-19,1550.0,3,5,0.5856239002582609,0.7798085568886963,1.0,Mid AOV,Med Eng,High Prof,Mid AOV | Med Eng | High Prof,Mid AOV
100,2025-05-14,2025-09-20,438.0,3,9,0.24458376426125658,0.4719118699046332,0.0,Low AOV,Low Eng,Low Prof,Low AOV | Low Eng | Low Prof,Low AOV | Low Eng | Low Prof
106,2024-12-05,2025-09-17,1111.0,9,6,0.5386338547392377,0.8557558347454148,3.0,Mid AOV,Med Eng,High Prof,Mid AOV | Med Eng | High Prof,Mid AOV
119,2024-12-01,2025-09-20,529.0,3,7,0.7910225872245514,0.38866064218245494,0.0,Low AOV,High Eng,Low Prof,Low AOV | High Eng | Low Prof,ELSE
121,2025-04-01,2025-09-18,344.0,7,9,0.36220554701026775,0.1898556728487626,2.0,Low AOV,Low Eng,Low Prof,Low AOV | Low Eng | Low Prof,Low AOV | Low Eng | Low Prof
123,2025-02-18,2025-09-20,853.0,1,6,0.5739358557492664,0.662781879443603,0.0,Low AOV,Med Eng,High Prof,Low AOV | Med Eng | High Prof,Low AOV | Med Eng
133,2024-12-11,2025-09-20,616.0,10,1,0.6411127172860722,0.19164948929907,0.0,Low AOV,Med Eng,Low Prof,Low AOV | Med Eng | Low Prof,Low AOV | Med Eng
136,2024-10-09,2025-09-18,1382.0,4,1,0.6475371948991436,0.3621197979346648,2.0,Mid AOV,Med Eng,Low Prof,Mid AOV | Med Eng | Low Prof,Mid AOV
138,2025-03-25,2025-09-14,331.0,4,7,0.12809501014680225,0.49825418571709434,6.0,Low AOV,Low Eng,Low Prof,Low AOV | Low Eng | Low Prof,Low AOV | Low Eng | Low Prof
150,2025-08-22,2025-09-20,69.0,5,4,0.22595799257383986,0.49555020252192244,0.0,Low AOV,Low Eng,Low Prof,Low AOV | Low Eng | Low Prof,Low AOV | Low Eng | Low Prof
158,2024-12-10,2025-09-13,805.0,4,6,0.39760155625466725,0.37555739071975286,7.0,Low AOV,Low Eng,Low Prof,Low AOV | Low Eng | Low Prof,Low AOV | Low Eng | Low Prof
164,2024-12-10,2025-09-13,668.0,3,9,0.5375769010558635,0.8476366537672707,7.0,Low AOV,Med Eng,High Prof,Low AOV | Med Eng | High Prof,Low AOV | Med Eng
169,2024-12-08,2025-09-13,1343.0,5,2,0.3524998507220499,0.708711667371532,7.0,Mid AOV,Low Eng,High Prof,Mid AOV | Low Eng | High Prof,Mid AOV
178,2025-05-27,2025-09-18,283.0,3,1,0.5771630737705448,0.07155039054004599,2.0,Low AOV,Med Eng,Low Prof,Low AOV | Med Eng | Low Prof,Low AOV | Med Eng
214,2025-05-17,2025-09-14,1533.0,3,1,0.5986072797395219,0.7630723868581301,6.0,Mid AOV,Med Eng,High Prof,Mid AOV | Med Eng | High Prof,Mid AOV
217,2025-04-01,2025-09-16,5211.0,2,9,0.40241372355390603,0.26301216349983275,4.0,High AOV,Med Eng,Low Prof,High AOV | Med Eng | Low Prof,ELSE
238,2024-10-29,2025-09-17,656.0,10,8,0.14591615131128227,0.5105022302224754,3.0,Low AOV,Low Eng,Low Prof,Low AOV | Low Eng | Low Prof,Low AOV | Low Eng | Low Prof
239,2024-10-06,2025-09-20,1360.0,9,9,0.5483397712187028,0.10546172548862995,0.0,Mid AOV,Med Eng,Low Prof,Mid AOV | Med Eng | Low Prof,Mid AOV
254,2024-12-27,2025-09-20,740.0,2,2,0.5435929625062075,0.5755960333526119,0.0,Low AOV,Med Eng,Low Prof,Low AOV | Med Eng | Low Prof,Low AOV | Med Eng
258,2024-12-31,2025-09-13,1999.0,5,7,0.6123558332740641,0.44074817057181903,7.0,Mid AOV,Med Eng,Low Prof,Mid AOV | Med Eng | Low Prof,Mid AOV
265,2024-11-20,2025-09-15,1089.0,4,8,0.6029286496406769,0.3971110471143938,5.0,Mid AOV,Med Eng,Low Prof,Mid AOV | Med Eng | Low Prof,Mid AOV
266,2025-01-09,2025-09-14,430.0,7,2,0.3669970405032066,0.13640051654939103,6.0,Low AOV,Low Eng,Low Prof,Low AOV | Low Eng | Low Prof,Low AOV | Low Eng | Low Prof
268,2025-08-14,2025-09-16,57.0,5,4,0.15796101072899932,0.3050648109723568,4.0,Low AOV,Low Eng,Low Prof,Low AOV | Low Eng | Low Prof,Low AOV | Low Eng | Low Prof
280,2025-04-12,2025-09-18,227.0,6,4,0.3999359946995912,0.41851412082148554,2.0,Low AOV,Low Eng,Low Prof,Low AOV | Low Eng | Low Prof,Low AOV | Low Eng | Low Prof
281,2025-05-27,2025-09-18,618.0,5,3,0.7244541627497211,0.4356626507046708,2.0,Low AOV,High Eng,Low Prof,Low AOV | High Eng | Low Prof,ELSE
285,2024-10-15,2025-09-13,144.0,3,6,0.13767141874428995,0.6091795153156476,7.0,Low AOV,Low Eng,High Prof,Low AOV | Low Eng | High Prof,ELSE
289,2025-06-13,2025-09-17,296.0,2,4,0.29084713179129895,0.7318408223108199,3.0,Low AOV,Low Eng,High Prof,Low AOV | Low Eng | High Prof,ELSE
299,2025-07-14,2025-09-13,1537.0,3,1,0.3651431286971515,0.33165884821465413,7.0,Mid AOV,Low Eng,Low Prof,Mid AOV | Low Eng | Low Prof,Mid AOV
316,2025-08-24,2025-09-16,567.0,0,5,0.2743969527950536,0.3670047968161929,4.0,Low AOV,Low Eng,Low Prof,Low AOV | Low Eng | Low Prof,Low AOV | Low Eng | Low Prof
317,2025-02-06,2025-09-13,86.0,5,1,0.6825447162139957,0.2058072215236876,7.0,Low AOV,Med Eng,Low Prof,Low AOV | Med Eng | Low Prof,Low AOV | Med Eng
329,2025-09-03,2025-09-18,1690.0,7,4,0.38227213368910107,0.7595424849943535,2.0,Mid AOV,Low Eng,High Prof,Mid AOV | Low Eng | High Prof,Mid AOV
339,2024-10-06,2025-09-15,1970.0,3,2,0.8135568102320365,0.7407765476907825,5.0,Mid AOV,High Eng,High Prof,Mid AOV | High Eng | High Prof,Mid AOV
361,2025-05-29,2025-09-18,411.0,1,8,0.16965708216313888,0.6485778325591212,2.0,Low AOV,Low Eng,High Prof,Low AOV | Low Eng | High Prof,ELSE
363,2024-10-13,2025-09-18,85.0,4,5,0.5528460015516674,0.049409470528292164,2.0,Low AOV,Med Eng,Low Prof,Low AOV | Med Eng | Low Prof,Low AOV | Med Eng
371,2025-03-28,2025-09-19,243.0,4,2,0.27876359113403865,0.5826987446138063,1.0,Low AOV,Low Eng,Low Prof,Low AOV | Low Eng | Low Prof,Low AOV | Low Eng | Low Prof
374,2025-01-16,2025-09-18,701.0,1,4,0.6498877895407394,0.7549005619411192,2.0,Low AOV,Med Eng,High Prof,Low AOV | Med Eng | High Prof,Low AOV | Med Eng
416,2025-06-09,2025-09-19,375.0,3,5,0.5759235938542732,0.7924693408364016,1.0,Low AOV,Med Eng,High Prof,Low AOV | Med Eng | High Prof,Low AOV | Med Eng
417,2025-03-08,2025-09-17,141.0,3,2,0.5347365519670263,0.3515260128151935,3.0,Low AOV,Med Eng,Low Prof,Low AOV | Med Eng | Low Prof,Low AOV | Med Eng
426,2025-05-19,2025-09-18,879.0,4,1,0.3868514584878707,0.4442774407214148,2.0,Low AOV,Low Eng,Low Prof,Low AOV | Low Eng | Low Prof,Low AOV | Low Eng | Low Prof
436,2024-10-09,2025-09-17,431.0,8,5,0.790716072758458,0.6052804607362935,3.0,Low AOV,High Eng,High Prof,Low AOV | High Eng | High Prof,ELSE
460,2025-01-16,2025-09-19,402.0,2,4,0.47643681122074516,0.14646336898789716,1.0,Low AOV,Med Eng,Low Prof,Low AOV | Med Eng | Low Prof,Low AOV | Med Eng
509,2024-12-26,2025-09-14,65.0,6,4,0.37599563170097516,0.579566376066027,6.0,Low AOV,Low Eng,Low Prof,Low AOV | Low Eng | Low Prof,Low AOV | Low Eng | Low Prof
513,2024-10-25,2025-09-19,606.0,4,1,0.6492561007206901,0.674887376538114,1.0,Low AOV,Med Eng,High Prof,Low AOV | Med Eng | High Prof,Low AOV | Med Eng
516,2024-12-09,2025-09-17,428.0,1,6,0.5413201070531445,0.3705026530713388,3.0,Low AOV,Med Eng,Low Prof,Low AOV | Med Eng | Low Prof,Low AOV | Med Eng
528,2025-06-22,2025-09-16,2370.0,3,5,0.07961881276862924,0.20982231296190273,4.0,Mid AOV,Low Eng,Low Prof,Mid AOV | Low Eng | Low Prof,Mid AOV
532,2024-11-10,2025-09-15,707.0,11,8,0.5730333318332878,0.16205455066685834,5.0,Low AOV,Med Eng,Low Prof,Low AOV | Med Eng | Low Prof,Low AOV | Med Eng
547,2025-04-22,2025-09-18,744.0,2,5,0.5020409987539284,0.6002564133200081,2.0,Low AOV,Med Eng,High Prof,Low AOV | Med Eng | High Prof,Low AOV | Med Eng
550,2025-08-14,2025-09-14,616.0,5,9,0.08269159976243115,0.5804130192477012,6.0,Low AOV,Low Eng,Low Prof,Low AOV | Low Eng | Low Prof,Low AOV | Low Eng | Low Prof
567,2025-06-12,2025-09-18,692.0,3,4,0.14022803496882513,0.25425600350975947,2.0,Low AOV,Low Eng,Low Prof,Low AOV | Low Eng | Low Prof,Low AOV | Low Eng | Low Prof
580,2025-07-29,2025-09-17,398.0,3,4,0.2888800064461594,0.758510471053825,3.0,Low AOV,Low Eng,High Prof,Low AOV | Low Eng | High Prof,ELSE
612,2025-09-15,2025-09-18,58.0,7,4,0.546748466641621,0.035265774951877195,2.0,Low AOV,Med Eng,Low Prof,Low AOV | Med Eng | Low Prof,Low AOV | Med Eng
648,2025-03-14,2025-09-13,667.0,3,2,0.609165207473798,0.9829063997521051,7.0,Low AOV,Med Eng,High Prof,Low AOV | Med Eng | High Prof,Low AOV | Med Eng
654,2025-08-07,2025-09-14,1002.0,8,6,0.6894718026133299,0.8349710990138469,6.0,Mid AOV,Med Eng,High Prof,Mid AOV | Med Eng | High Prof,Mid AOV
657,2025-03-31,2025-09-20,1220.0,3,3,0.1750698499270619,0.22335247856472518,0.0,Mid AOV,Low Eng,Low Prof,Mid AOV | Low Eng | Low Prof,Mid AOV
663,2025-03-01,2025-09-16,633.0,2,9,0.3253172993477059,0.2568811434235655,4.0,Low AOV,Low Eng,Low Prof,Low AOV | Low Eng | Low Prof,Low AOV | Low Eng | Low Prof
665,2025-02-03,2025-09-17,296.0,2,2,0.7988139924817055,0.04843552374354067,3.0,Low AOV,High Eng,Low Prof,Low AOV | High Eng | Low Prof,ELSE
667,2025-02-05,2025-09-20,731.0,2,9,0.655149165679286,0.6550480277464015,0.0,Low AOV,Med Eng,High Prof,Low AOV | Med Eng | High Prof,Low AOV | Med Eng
668,2025-04-26,2025-09-19,2130.0,3,3,0.09476963160764851,0.3005482457007489,1.0,Mid AOV,Low Eng,Low Prof,Mid AOV | Low Eng | Low Prof,Mid AOV
708,2025-06-30,2025-09-19,1816.0,4,4,0.14958665505187196,0.3579702775777359,1.0,Mid AOV,Low Eng,Low Prof,Mid AOV | Low Eng | Low Prof,Mid AOV
711,2024-11-21,2025-09-18,1383.0,5,6,0.2746432834237257,0.5198041119817254,2.0,Mid AOV,Low Eng,Low Prof,Mid AOV | Low Eng | Low Prof,Mid AOV
712,2025-09-10,2025-09-19,1617.0,2,3,0.30839918800429633,0.8050361798907456,1.0,Mid AOV,Low Eng,High Prof,Mid AOV | Low Eng | High Prof,Mid AOV
718,2025-05-24,2025-09-17,1557.0,2,1,0.6561244693241302,0.4696731835891888,3.0,Mid AOV,Med Eng,Low Prof,Mid AOV | Med Eng | Low Prof,Mid AOV
733,2025-03-27,2025-09-16,640.0,3,6,0.7509001258008595,0.17718360668769742,4.0,Low AOV,High Eng,Low Prof,Low AOV | High Eng | Low Prof,ELSE
740,2024-10-04,2025-09-18,1983.0,3,9,0.3120663750595654,0.18638766065614865,2.0,Mid AOV,Low Eng,Low Prof,Mid AOV | Low Eng | Low Prof,Mid AOV
749,2025-04-28,2025-09-17,422.0,6,5,0.7213501429668846,0.37695880617893357,3.0,Low AOV,High Eng,Low Prof,Low AOV | High Eng | Low Prof,ELSE
750,2025-06-27,2025-09-18,1070.0,6,4,0.39110494301933013,0.21426387311947492,2.0,Mid AOV,Low Eng,Low Prof,Mid AOV | Low Eng | Low Prof,Mid AOV
751,2025-07-04,2025-09-14,697.0,3,1,0.2022361188676402,0.3796352106525346,6.0,Low AOV,Low Eng,Low Prof,Low AOV | Low Eng | Low Prof,Low AOV | Low Eng | Low Prof
756,2025-01-03,2025-09-14,95.0,3,2,0.24705716556431886,0.10363715527941993,6.0,Low AOV,Low Eng,Low Prof,Low AOV | Low Eng | Low Prof,Low AOV | Low Eng | Low Prof
757,2024-12-06,2025-09-15,945.0,6,5,0.5293078162625433,0.5667932975393102,5.0,Low AOV,Med Eng,Low Prof,Low AOV | Med Eng | Low Prof,Low AOV | Med Eng
771,2025-01-27,2025-09-14,84.0,2,6,0.2881068664967013,0.5402727305706405,6.0,Low AOV,Low Eng,Low Prof,Low AOV | Low Eng | Low Prof,Low AOV | Low Eng | Low Prof
783,2025-06-09,2025-09-20,1960.0,11,3,0.37494925125875966,0.10380288224623214,0.0,Mid AOV,Low Eng,Low Prof,Mid AOV | Low Eng | Low Prof,Mid AOV
785,2025-01-11,2025-09-18,796.0,4,2,0.22968132120236803,0.4593282962530722,2.0,Low AOV,Low Eng,Low Prof,Low AOV | Low Eng | Low Prof,Low AOV | Low Eng | Low Prof
791,2024-12-08,2025-09-15,505.0,6,7,0.38270101938593687,0.77119779559169,5.0,Low AOV,Low Eng,High Prof,Low AOV | Low Eng | High Prof,ELSE
796,2025-04-07,2025-09-19,657.0,1,3,0.4422312897758511,0.3962886848668027,1.0,Low AOV,Med Eng,Low Prof,Low AOV | Med Eng | Low Prof,Low AOV | Med Eng
808,2024-12-21,2025-09-18,562.0,9,7,0.5076050555261612,0.6221411880293392,2.0,Low AOV,Med Eng,High Prof,Low AOV | Med Eng | High Prof,Low AOV | Med Eng
854,2024-11-23,2025-09-16,349.0,5,5,0.5723999026992135,0.6086549131734316,4.0,Low AOV,Med Eng,High Prof,Low AOV | Med Eng | High Prof,Low AOV | Med Eng
859,2025-05-22,2025-09-15,328.0,11,6,0.5800458311551979,0.8614724203079184,5.0,Low AOV,Med Eng,High Prof,Low AOV | Med Eng | High Prof,Low AOV | Med Eng
865,2024-11-05,2025-09-18,1416.0,4,6,0.4127380694582716,0.3179220560375863,2.0,Mid AOV,Med Eng,Low Prof,Mid AOV | Med Eng | Low Prof,Mid AOV
866,2025-08-03,2025-09-18,156.0,3,9,0.44508869837307774,0.7789102742470438,2.0,Low AOV,Med Eng,High Prof,Low AOV | Med Eng | High Prof,Low AOV | Med Eng
874,2024-09-30,2025-09-19,205.0,5,9,0.4577104002778241,0.7319971927375537,1.0,Low AOV,Med Eng,High Prof,Low AOV | Med Eng | High Prof,Low AOV | Med Eng
882,2025-09-06,2025-09-19,1788.0,4,9,0.24055285061773782,0.3070546557908632,1.0,Mid AOV,Low Eng,Low Prof,Mid AOV | Low Eng | Low Prof,Mid AOV
883,2025-08-23,2025-09-13,1095.0,6,8,0.008563323543794911,0.9640440289301829,7.0,Mid AOV,Low Eng,High Prof,Mid AOV | Low Eng | High Prof,Mid AOV
890,2025-09-13,2025-09-14,135.0,4,6,0.3133879115271647,0.43621731065892705,6.0,Low AOV,Low Eng,Low Prof,Low AOV | Low Eng | Low Prof,Low AOV | Low Eng | Low Prof
897,2024-11-30,2025-09-13,182.0,5,8,0.8875049310856382,0.39883133108404933,7.0,Low AOV,High Eng,Low Prof,Low AOV | High Eng | Low Prof,ELSE
901,2025-05-24,2025-09-18,942.0,4,7,0.4897008911060985,0.8578060617322997,2.0,Low AOV,Med Eng,High Prof,Low AOV | Med Eng | High Prof,Low AOV | Med Eng
921,2025-02-04,2025-09-14,3421.0,2,2,0.7151272291387688,0.07506812711102866,6.0,High AOV,High Eng,Low Prof,High AOV | High Eng | Low Prof,ELSE
934,2025-02-06,2025-09-19,750.0,6,6,0.6720092496900348,0.5091813237510442,1.0,Low AOV,Med Eng,Low Prof,Low AOV | Med Eng | Low Prof,Low AOV | Med Eng
946,2024-11-06,2025-09-13,3307.0,6,4,0.5875381222578342,0.6077395549166781,7.0,High AOV,Med Eng,High Prof,High AOV | Med Eng | High Prof,ELSE
951,2025-05-06,2025-09-18,3122.0,4,9,0.671001252626375,0.9112108268947431,2.0,High AOV,Med Eng,High Prof,High AOV | Med Eng | High Prof,ELSE
955,2025-08-11,2025-09-15,600.0,4,9,0.08016951466104176,0.3832390984700724,5.0,Low AOV,Low Eng,Low Prof,Low AOV | Low Eng | Low Prof,Low AOV | Low Eng | Low Prof
956,2025-02-03,2025-09-13,76.0,6,6,0.6517815894000762,0.9274787324346289,7.0,Low AOV,Med Eng,High Prof,Low AOV | Med Eng | High Prof,Low AOV | Med Eng
957,2025-08-15,2025-09-17,808.0,6,5,0.5297709982665063,0.489244668098897,3.0,Low AOV,Med Eng,Low Prof,Low AOV | Med Eng | Low Prof,Low AOV | Med Eng
965,2025-05-09,2025-09-15,1552.0,4,8,0.47988603422184023,0.4182631250803587,5.0,Mid AOV,Med Eng,Low Prof,Mid AOV | Med Eng | Low Prof,Mid AOV
971,2025-03-01,2025-09-19,197.0,1,8,0.3031788697624182,0.7460593067944452,1.0,Low AOV,Low Eng,High Prof,Low AOV | Low Eng | High Prof,ELSE
975,2025-05-10,2025-09-15,380.0,0,2,0.3156761747237024,0.648327256986284,5.0,Low AOV,Low Eng,High Prof,Low AOV | Low Eng | High Prof,ELSE
982,2025-08-31,2025-09-20,294.0,5,4,0.2565465203374039,0.6452600812129424,0.0,Low AOV,Low Eng,High Prof,Low AOV | Low Eng | High Prof,ELSE
984,2025-05-03,2025-09-15,1025.0,2,1,0.5683240771360135,0.48474627691128597,5.0,Mid AOV,Med Eng,Low Prof,Mid AOV | Med Eng | Low Prof,Mid AOV
987,2025-06-22,2025-09-13,201.0,7,1,0.5179896250132386,0.5870793576530592,7.0,Low AOV,Med Eng,Low Prof,Low AOV | Med Eng | Low Prof,Low AOV | Med Eng
991,2024-12-01,2025-09-14,1173.0,5,7,0.28087990490235953,0.28282696964271464,6.0,Mid AOV,Low Eng,Low Prof,Mid AOV | Low Eng | Low Prof,Mid AOV
1009,2024-10-26,2025-09-19,888.0,7,8,0.10498699327003633,0.5217403895582051,1.0,Low AOV,Low Eng,Low Prof,Low AOV | Low Eng | Low Prof,Low AOV | Low Eng | Low Prof
1026,2025-07-22,2025-09-19,1320.0,8,2,0.28001804232429284,0.5093465200741722,1.0,Mid AOV,Low Eng,Low Prof,Mid AOV | Low Eng | Low Prof,Mid AOV
1031,2024-09-24,2025-09-13,1486.0,6,8,0.34315623601784634,0.5940789627856633,7.0,Mid AOV,Low Eng,Low Prof,Mid AOV | Low Eng | Low Prof,Mid AOV
1044,2025-06-23,2025-09-17,626.0,7,5,0.2695416459256845,0.3163227781173643,3.0,Low AOV,Low Eng,Low Prof,Low AOV | Low Eng | Low Prof,Low AOV | Low Eng | Low Prof
1052,2025-09-06,2025-09-13,960.0,4,8,0.33702310549844305,0.7426700203755007,7.0,Low AOV,Low Eng,High Prof,Low AOV | Low Eng | High Prof,ELSE
1059,2025-04-30,2025-09-15,1712.0,3,5,0.237278176575417,0.49070293829386935,5.0,Mid AOV,Low Eng,Low Prof,Mid AOV | Low Eng | Low Prof,Mid AOV
1070,2025-03-25,2025-09-17,230.0,0,1,0.6027222712583072,0.2659435491874317,3.0,Low AOV,Med Eng,Low Prof,Low AOV | Med Eng | Low Prof,Low AOV | Med Eng
1072,2025-09-05,2025-09-19,639.0,7,8,0.7556468554843035,0.8062817025987284,1.0,Low AOV,High Eng,High Prof,Low AOV | High Eng | High Prof,ELSE
1076,2025-02-01,2025-09-15,189.0,7,8,0.23192433783659705,0.2173216751444949,5.0,Low AOV,Low Eng,Low Prof,Low AOV | Low Eng | Low Prof,Low AOV | Low Eng | Low Prof
1085,2025-09-10,2025-09-14,726.0,2,7,0.6309257620956505,0.9327450264073909,6.0,Low AOV,Med Eng,High Prof,Low AOV | Med Eng | High Prof,Low AOV | Med Eng
1093,2024-11-21,2025-09-16,1083.0,2,3,0.7038454255680988,0.6945514173387081,4.0,Mid AOV,High Eng,High Prof,Mid AOV | High Eng | High Prof,Mid AOV
1098,2025-04-16,2025-09-15,1031.0,2,7,0.20994062683126666,0.6708339161958594,5.0,Mid AOV,Low Eng,High Prof,Mid AOV | Low Eng | High Prof,Mid AOV
1101,2025-04-16,2025-09-20,293.0,3,5,0.7024819171693143,0.7598215153323931,0.0,Low AOV,High Eng,High Prof,Low AOV | High Eng | High Prof,ELSE
1103,2024-10-31,2025-09-14,371.0,5,9,0.09538237389488476,0.6270317310328144,6.0,Low AOV,Low Eng,High Prof,Low AOV | Low Eng | High Prof,ELSE
1113,2024-12-11,2025-09-14,243.0,3,5,0.3929778083166422,0.7591015050606188,6.0,Low AOV,Low Eng,High Prof,Low AOV | Low Eng | High Prof,ELSE
1122,2025-03-04,2025-09-19,1011.0,2,9,0.16365422536687407,0.7511118139924238,1.0,Mid AOV,Low Eng,High Prof,Mid AOV | Low Eng | High Prof,Mid AOV
1123,2025-08-28,2025-09-17,283.0,0,6,0.39928105065714303,0.6471774619626827,3.0,Low AOV,Low Eng,High Prof,Low AOV | Low Eng | High Prof,ELSE
1125,2024-10-09,2025-09-20,463.0,4,2,0.6505668356083317,0.5469398740218923,0.0,Low AOV,Med Eng,Low Prof,Low AOV | Med Eng | Low Prof,Low AOV | Med Eng
1132,2025-06-01,2025-09-17,965.0,7,2,0.7478287084447063,0.6791616344468281,3.0,Low AOV,High Eng,High Prof,Low AOV | High Eng | High Prof,ELSE
1137,2024-10-31,2025-09-14,84.0,3,6,0.7688376001115568,0.5755721656869133,6.0,Low AOV,High Eng,Low Prof,Low AOV | High Eng | Low Prof,ELSE
1145,2025-07-31,2025-09-20,124.0,2,6,0.6412985347714054,0.412109108889119,0.0,Low AOV,Med Eng,Low Prof,Low AOV | Med Eng | Low Prof,Low AOV | Med Eng
1150,2024-12-27,2025-09-16,408.0,4,7,0.330479343576932,0.17140168080839477,4.0,Low AOV,Low Eng,Low Prof,Low AOV | Low Eng | Low Prof,Low AOV | Low Eng | Low Prof
1154,2024-10-09,2025-09-14,2128.0,4,7,0.3021951832803002,0.43689779775819937,6.0,Mid AOV,Low Eng,Low Prof,Mid AOV | Low Eng | Low Prof,Mid AOV
1161,2025-04-24,2025-09-16,174.0,2,1,0.27133282184247975,0.4568149734513665,4.0,Low AOV,Low Eng,Low Prof,Low AOV | Low Eng | Low Prof,Low AOV | Low Eng | Low Prof
1162,2024-11-15,2025-09-14,641.0,6,9,0.7928992262838821,0.42818131491222955,6.0,Low AOV,High Eng,Low Prof,Low AOV | High Eng | Low Prof,ELSE
1197,2025-06-28,2025-09-17,272.0,5,4,0.33942359051097515,0.27838442314533407,3.0,Low AOV,Low Eng,Low Prof,Low AOV | Low Eng | Low Prof,Low AOV | Low Eng | Low Prof
1203,2025-07-19,2025-09-16,744.0,3,2,0.4372533473583501,0.39583990825069015,4.0,Low AOV,Med Eng,Low Prof,Low AOV | Med Eng | Low Prof,Low AOV | Med Eng
1206,2025-08-02,2025-09-13,196.0,3,9,0.10245890097487696,0.4549653119777279,7.0,Low AOV,Low Eng,Low Prof,Low AOV | Low Eng | Low Prof,Low AOV | Low Eng | Low Prof
1215,2025-04-15,2025-09-19,1026.0,6,3,0.11845400974833116,0.5635372144499085,1.0,Mid AOV,Low Eng,Low Prof,Mid AOV | Low Eng | Low Prof,Mid AOV
1223,2025-07-04,2025-09-17,985.0,5,6,0.5286284648885395,0.6369553653586177,3.0,Low AOV,Med Eng,High Prof,Low AOV | Med Eng | High Prof,Low AOV | Med Eng
1300,2024-12-14,2025-09-19,137.0,5,4,0.24214766294147852,0.42874529429870567,1.0,Low AOV,Low Eng,Low Prof,Low AOV | Low Eng | Low Prof,Low AOV | Low Eng | Low Prof
1309,2025-02-23,2025-09-14,606.0,4,8,0.5195573310040396,0.35750511262299545,6.0,Low AOV,Med Eng,Low Prof,Low AOV | Med Eng | Low Prof,Low AOV | Med Eng
1311,2025-02-23,2025-09-18,388.0,5,2,0.26970136613664175,0.41628831664872734,2.0,Low AOV,Low Eng,Low Prof,Low AOV | Low Eng | Low Prof,Low AOV | Low Eng | Low Prof
1312,2025-09-06,2025-09-14,997.0,6,1,0.6635822913029428,0.6520472956270906,6.0,Low AOV,Med Eng,High Prof,Low AOV | Med Eng | High Prof,Low AOV | Med Eng
1314,2025-08-11,2025-09-18,1584.0,5,9,0.13500168424710374,0.9312583741068494,2.0,Mid AOV,Low Eng,High Prof,Mid AOV | Low Eng | High Prof,Mid AOV
1315,2025-01-26,2025-09-20,2935.0,4,5,0.3640056748318139,0.3026690204316102,0.0,Mid AOV,Low Eng,Low Prof,Mid AOV | Low Eng | Low Prof,Mid AOV
1325,2025-06-03,2025-09-14,1916.0,3,6,0.7483406782949302,0.7791254281471492,6.0,Mid AOV,High Eng,High Prof,Mid AOV | High Eng | High Prof,Mid AOV
1328,2024-12-01,2025-09-18,282.0,7,2,0.47619819856608986,0.7253958206148869,2.0,Low AOV,Med Eng,High Prof,Low AOV | Med Eng | High Prof,Low AOV | Med Eng
1340,2025-04-20,2025-09-18,1332.0,5,8,0.6765068564191717,0.26958038337432527,2.0,Mid AOV,Med Eng,Low Prof,Mid AOV | Med Eng | Low Prof,Mid AOV
1347,2024-11-11,2025-09-17,507.0,6,9,0.5603589647790347,0.37053770035259176,3.0,Low AOV,Med Eng,Low Prof,Low AOV | Med Eng | Low Prof,Low AOV | Med Eng
1364,2025-03-11,2025-09-15,265.0,9,8,0.37792046062029966,0.30069977468906345,5.0,Low AOV,Low Eng,Low Prof,Low AOV | Low Eng | Low Prof,Low AOV | Low Eng | Low Prof
1368,2024-12-12,2025-09-13,652.0,5,4,0.3704909196131399,0.5302310977082284,7.0,Low AOV,Low Eng,Low Prof,Low AOV | Low Eng | Low Prof,Low AOV | Low Eng | Low Prof
1390,2025-08-15,2025-09-16,1127.0,4,4,0.41867845430471673,0.3975887321248988,4.0,Mid AOV,Med Eng,Low Prof,Mid AOV | Med Eng | Low Prof,Mid AOV
1391,2025-01-24,2025-09-18,1029.0,5,3,0.4122392260470509,0.1943959564783816,2.0,Mid AOV,Med Eng,Low Prof,Mid AOV | Med Eng | Low Prof,Mid AOV
1413,2025-04-01,2025-09-13,808.0,4,2,0.6595153985601734,0.37225191082760445,7.0,Low AOV,Med Eng,Low Prof,Low AOV | Med Eng | Low Prof,Low AOV | Med Eng
1414,2025-06-10,2025-09-16,1121.0,3,1,0.6775998948058193,0.3616597213054635,4.0,Mid AOV,Med Eng,Low Prof,Mid AOV | Med Eng | Low Prof,Mid AOV
1415,2024-10-01,2025-09-15,1216.0,7,9,0.4813635725564705,0.3573834681482357,5.0,Mid AOV,Med Eng,Low Prof,Mid AOV | Med Eng | Low Prof,Mid AOV
1426,2025-09-08,2025-09-14,1159.0,8,5,0.2913447521180206,0.6664930410823763,6.0,Mid AOV,Low Eng,High Prof,Mid AOV | Low Eng | High Prof,Mid AOV
1429,2025-02-16,2025-09-13,1613.0,4,1,0.5679204591309079,0.37723654604759743,7.0,Mid AOV,Med Eng,Low Prof,Mid AOV | Med Eng | Low Prof,Mid AOV
1436,2025-03-04,2025-09-19,88.0,5,9,0.3110052189102256,0.8902401173359925,1.0,Low AOV,Low Eng,High Prof,Low AOV | Low Eng | High Prof,ELSE
1443,2025-08-04,2025-09-15,1544.0,6,7,0.15308505759529942,0.8010619370492787,5.0,Mid AOV,Low Eng,High Prof,Mid AOV | Low Eng | High Prof,Mid AOV
1466,2025-04-21,2025-09-19,1621.0,3,4,0.6045627809189906,0.6467930218517031,1.0,Mid AOV,Med Eng,High Prof,Mid AOV | Med Eng | High Prof,Mid AOV
1481,2025-04-12,2025-09-18,1675.0,4,9,0.3815320817971515,0.43725871186503634,2.0,Mid AOV,Low Eng,Low Prof,Mid AOV | Low Eng | Low Prof,Mid AOV
1486,2025-04-03,2025-09-17,445.0,3,9,0.6327701299835584,0.3512425886843083,3.0,Low AOV,Med Eng,Low Prof,Low AOV | Med Eng | Low Prof,Low AOV | Med Eng
1492,2024-12-20,2025-09-18,404.0,4,5,0.2742593543652532,0.662485435171531,2.0,Low AOV,Low Eng,High Prof,Low AOV | Low Eng | High Prof,ELSE
1498,2024-11-06,2025-09-19,1507.0,6,1,0.46544206682554096,0.8235594470052934,1.0,Mid AOV,Med Eng,High Prof,Mid AOV | Med Eng | High Prof,Mid AOV
1501,2025-03-19,2025-09-16,645.0,2,4,0.5136471370347292,0.4188095267838042,4.0,Low AOV,Med Eng,Low Prof,Low AOV | Med Eng | Low Prof,Low AOV | Med Eng
1506,2024-09-26,2025-09-18,412.0,1,5,0.41905473754589684,0.3947620746643432,2.0,Low AOV,Med Eng,Low Prof,Low AOV | Med Eng | Low Prof,Low AOV | Med Eng
1515,2024-12-01,2025-09-13,2372.0,9,9,0.49019705758620985,0.38788465475058703,7.0,Mid AOV,Med Eng,Low Prof,Mid AOV | Med Eng | Low Prof,Mid AOV
1517,2025-03-11,2025-09-13,112.0,2,1,0.4525649390493749,0.5610527856246449,7.0,Low AOV,Med Eng,Low Prof,Low AOV | Med Eng | Low Prof,Low AOV | Med Eng
1534,2025-04-20,2025-09-16,1760.0,2,2,0.1053153344909171,0.6832385513847425,4.0,Mid AOV,Low Eng,High Prof,Mid AOV | Low Eng | High Prof,Mid AOV
1547,2025-02-06,2025-09-17,1232.0,5,3,0.5534658349398883,0.14967797808657093,3.0,Mid AOV,Med Eng,Low Prof,Mid AOV | Med Eng | Low Prof,Mid AOV
1552,2025-01-01,2025-09-17,567.0,6,6,0.8189278276041011,0.4044358177278313,3.0,Low AOV,High Eng,Low Prof,Low AOV | High Eng | Low Prof,ELSE
1561,2025-08-31,2025-09-13,273.0,4,1,0.1524841743555999,0.7828614151725231,7.0,Low AOV,Low Eng,High Prof,Low AOV | Low Eng | High Prof,ELSE
1562,2025-01-22,2025-09-20,1084.0,7,1,0.17937096286037435,0.3602883007314795,0.0,Mid AOV,Low Eng,Low Prof,Mid AOV | Low Eng | Low Prof,Mid AOV
1564,2025-03-26,2025-09-16,2533.0,3,6,0.29587814189875794,0.5794137143114232,4.0,Mid AOV,Low Eng,Low Prof,Mid AOV | Low Eng | Low Prof,Mid AOV
1565,2024-10-17,2025-09-20,222.0,5,8,0.7617931343534479,0.6506498106879871,0.0,Low AOV,High Eng,High Prof,Low AOV | High Eng | High Prof,ELSE
1567,2025-04-28,2025-09-17,1376.0,7,6,0.18999056491789248,0.761448733870842,3.0,Mid AOV,Low Eng,High Prof,Mid AOV | Low Eng | High Prof,Mid AOV
1570,2025-04-13,2025-09-17,1090.0,5,8,0.40601999097858604,0.7241947956670991,3.0,Mid AOV,Med Eng,High Prof,Mid AOV | Med Eng | High Prof,Mid AOV
1572,2024-12-25,2025-09-13,213.0,6,4,0.2887408055893337,0.1839204665240283,7.0,Low AOV,Low Eng,Low Prof,Low AOV | Low Eng | Low Prof,Low AOV | Low Eng | Low Prof
1588,2025-04-03,2025-09-19,319.0,5,8,0.1601486264058757,0.9050185446190652,1.0,Low AOV,Low Eng,High Prof,Low AOV | Low Eng | High Prof,ELSE
1599,2025-06-22,2025-09-17,537.0,4,6,0.1821864447043983,0.4510489632708117,3.0,Low AOV,Low Eng,Low Prof,Low AOV | Low Eng | Low Prof,Low AOV | Low Eng | Low Prof
1601,2024-11-08,2025-09-16,854.0,6,7,0.20699103548000441,0.23854893962184653,4.0,Low AOV,Low Eng,Low Prof,Low AOV | Low Eng | Low Prof,Low AOV | Low Eng | Low Prof
1615,2025-08-11,2025-09-19,648.0,6,7,0.5727572984598127,0.12426020003807821,1.0,Low AOV,Med Eng,Low Prof,Low AOV | Med Eng | Low Prof,Low AOV | Med Eng
1624,2024-10-19,2025-09-15,703.0,4,4,0.4692456842968844,0.6105948243440535,5.0,Low AOV,Med Eng,High Prof,Low AOV | Med Eng | High Prof,Low AOV | Med Eng
1636,2025-03-23,2025-09-20,1319.0,3,8,0.37344874644089593,0.4736375073840262,0.0,Mid AOV,Low Eng,Low Prof,Mid AOV | Low Eng | Low Prof,Mid AOV
1650,2025-04-13,2025-09-15,1315.0,6,5,0.6477665243314593,0.5601303544811389,5.0,Mid AOV,Med Eng,Low Prof,Mid AOV | Med Eng | Low Prof,Mid AOV
1677,2025-02-08,2025-09-17,124.0,2,7,0.37326572463340185,0.5516859665355336,3.0,Low AOV,Low Eng,Low Prof,Low AOV | Low Eng | Low Prof,Low AOV | Low Eng | Low Prof
1679,2025-07-22,2025-09-14,423.0,5,3,0.6669370547802479,0.3079403267896136,6.0,Low AOV,Med Eng,Low Prof,Low AOV | Med Eng | Low Prof,Low AOV | Med Eng
1683,2024-12-16,2025-09-15,1183.0,7,7,0.11445730914140552,0.46841624594789766,5.0,Mid AOV,Low Eng,Low Prof,Mid AOV | Low Eng | Low Prof,Mid AOV
1691,2025-09-08,2025-09-18,499.0,3,2,0.5983155405692341,0.8710079688093748,2.0,Low AOV,Med Eng,High Prof,Low AOV | Med Eng | High Prof,Low AOV | Med Eng
1693,2025-08-29,2025-09-14,95.0,5,4,0.5860604152083299,0.8394954738701946,6.0,Low AOV,Med Eng,High Prof,Low AOV | Med Eng | High Prof,Low AOV | Med Eng
1694,2025-05-23,2025-09-19,2524.0,4,5,0.5817416360042608,0.4805916923961271,1.0,Mid AOV,Med Eng,Low Prof,Mid AOV | Med Eng | Low Prof,Mid AOV
1699,2025-03-29,2025-09-19,2120.0,7,4,0.5826607114808445,0.5879994966749422,1.0,Mid AOV,Med Eng,Low Prof,Mid AOV | Med Eng | Low Prof,Mid AOV
1705,2025-09-13,2025-09-20,286.0,3,8,0.3463073203144869,0.7490831163037347,0.0,Low AOV,Low Eng,High Prof,Low AOV | Low Eng | High Prof,ELSE
1708,2025-05-09,2025-09-14,734.0,7,1,0.6869155095023,0.5923130603497462,6.0,Low AOV,Med Eng,Low Prof,Low AOV | Med Eng | Low Prof,Low AOV | Med Eng
1720,2025-07-07,2025-09-15,2272.0,4,4,0.33362574833706315,0.6597205260320305,5.0,Mid AOV,Low Eng,High Prof,Mid AOV | Low Eng | High Prof,Mid AOV
1746,2024-12-20,2025-09-13,1978.0,2,3,0.5196560951312301,0.37637361567598787,7.0,Mid AOV,Med Eng,Low Prof,Mid AOV | Med Eng | Low Prof,Mid AOV
1749,2025-08-24,2025-09-13,678.0,6,8,0.589024805934455,0.7722914827806375,7.0,Low AOV,Med Eng,High Prof,Low AOV | Med Eng | High Prof,Low AOV | Med Eng
1760,2025-03-05,2025-09-17,1418.0,6,6,0.7645257184907752,0.7938385184735106,3.0,Mid AOV,High Eng,High Prof,Mid AOV | High Eng | High Prof,Mid AOV
1764,2024-11-08,2025-09-20,1489.0,0,4,0.4321177067234424,0.4347468283305834,0.0,Mid AOV,Med Eng,Low Prof,Mid AOV | Med Eng | Low Prof,Mid AOV
1766,2025-09-05,2025-09-14,808.0,4,7,0.3112111122677581,0.4262028665236163,6.0,Low AOV,Low Eng,Low Prof,Low AOV | Low Eng | Low Prof,Low AOV | Low Eng | Low Prof
1767,2025-04-20,2025-09-15,183.0,4,8,0.5813180778871683,0.6939124762178477,5.0,Low AOV,Med Eng,High Prof,Low AOV | Med Eng | High Prof,Low AOV | Med Eng
1772,2024-10-15,2025-09-13,628.0,5,9,0.49897949830868527,0.7832128489088708,7.0,Low AOV,Med Eng,High Prof,Low AOV | Med Eng | High Prof,Low AOV | Med Eng
1777,2025-02-18,2025-09-15,475.0,3,2,0.23789142204695796,0.3291817007553899,5.0,Low AOV,Low Eng,Low Prof,Low AOV | Low Eng | Low Prof,Low AOV | Low Eng | Low Prof
1778,2025-05-26,2025-09-16,564.0,3,8,0.32904845755177714,0.4292826012989152,4.0,Low AOV,Low Eng,Low Prof,Low AOV | Low Eng | Low Prof,Low AOV | Low Eng | Low Prof
1784,2025-07-10,2025-09-15,231.0,4,8,0.4988027296724707,0.2577065364220277,5.0,Low AOV,Med Eng,Low Prof,Low AOV | Med Eng | Low Prof,Low AOV | Med Eng
1792,2025-09-09,2025-09-17,1059.0,3,9,0.3243352111382781,0.41907389593645106,3.0,Mid AOV,Low Eng,Low Prof,Mid AOV | Low Eng | Low Prof,Mid AOV
1799,2025-03-25,2025-09-16,486.0,2,4,0.15384167689492212,0.5827467098875534,4.0,Low AOV,Low Eng,Low Prof,Low AOV | Low Eng | Low Prof,Low AOV | Low Eng | Low Prof
1807,2025-06-26,2025-09-14,221.0,5,4,0.21814313039669575,0.31835415206117346,6.0,Low AOV,Low Eng,Low Prof,Low AOV | Low Eng | Low Prof,Low AOV | Low Eng | Low Prof
1813,2024-10-02,2025-09-20,917.0,5,3,0.2579904035245218,0.4584185001846677,0.0,Low AOV,Low Eng,Low Prof,Low AOV | Low Eng | Low Prof,Low AOV | Low Eng | Low Prof
1830,2024-11-19,2025-09-19,701.0,2,9,0.7739040812885175,0.6519489287816183,1.0,Low AOV,High Eng,High Prof,Low AOV | High Eng | High Prof,ELSE
1845,2024-11-06,2025-09-16,933.0,4,5,0.5016524291394755,0.806409209660451,4.0,Low AOV,Med Eng,High Prof,Low AOV | Med Eng | High Prof,Low AOV | Med Eng
1847,2024-11-06,2025-09-16,526.0,10,6,0.5615834484853469,0.3421959017775482,4.0,Low AOV,Med Eng,Low Prof,Low AOV | Med Eng | Low Prof,Low AOV | Med Eng
1851,2025-06-28,2025-09-15,724.0,5,6,0.14070282668346962,0.17228593251407442,5.0,Low AOV,Low Eng,Low Prof,Low AOV | Low Eng | Low Prof,Low AOV | Low Eng | Low Prof
1859,2024-09-23,2025-09-16,85.0,5,6,0.2999329316186303,0.4957158171969854,4.0,Low AOV,Low Eng,Low Prof,Low AOV | Low Eng | Low Prof,Low AOV | Low Eng | Low Prof
1862,2025-06-25,2025-09-13,914.0,7,4,0.39450585734137933,0.43408031839248923,7.0,Low AOV,Low Eng,Low Prof,Low AOV | Low Eng | Low Prof,Low AOV | Low Eng | Low Prof
1872,2025-03-31,2025-09-16,659.0,5,6,0.5659326820016882,0.5709712797736681,4.0,Low AOV,Med Eng,Low Prof,Low AOV | Med Eng | Low Prof,Low AOV | Med Eng
1873,2025-02-11,2025-09-14,169.0,2,3,0.3754686817842597,0.5024256003313048,6.0,Low AOV,Low Eng,Low Prof,Low AOV | Low Eng | Low Prof,Low AOV | Low Eng | Low Prof
1875,2024-11-15,2025-09-15,352.0,7,4,0.3079644548168194,0.8343584645210116,5.0,Low AOV,Low Eng,High Prof,Low AOV | Low Eng | High Prof,ELSE
1876,2025-03-21,2025-09-15,93.0,4,6,0.3098504025643057,0.6796778229234016,5.0,Low AOV,Low Eng,High Prof,Low AOV | Low Eng | High Prof,ELSE
1896,2024-11-19,2025-09-15,543.0,4,7,0.36096996154577576,0.8233493406811537,5.0,Low AOV,Low Eng,High Prof,Low AOV | Low Eng | High Prof,ELSE
1901,2024-12-01,2025-09-19,62.0,2,9,0.7032862958989541,0.6957556883519715,1.0,Low AOV,High Eng,High Prof,Low AOV | High Eng | High Prof,ELSE
1903,2025-02-12,2025-09-16,52.0,5,5,0.26048054025052664,0.23085186171381303,4.0,Low AOV,Low Eng,Low Prof,Low AOV | Low Eng | Low Prof,Low AOV | Low Eng | Low Prof
1917,2025-01-01,2025-09-18,1049.0,5,7,0.5626316519392816,0.4911470560251281,2.0,Mid AOV,Med Eng,Low Prof,Mid AOV | Med Eng | Low Prof,Mid AOV
1939,2025-09-18,2025-09-19,376.0,3,3,0.3371695112490212,0.6660033772357778,1.0,Low AOV,Low Eng,High Prof,Low AOV | Low Eng | High Prof,ELSE
1941,2024-10-30,2025-09-17,658.0,4,2,0.6099642185595069,0.5676325766949036,3.0,Low AOV,Med Eng,Low Prof,Low AOV | Med Eng | Low Prof,Low AOV | Med Eng
1951,2024-10-29,2025-09-18,1418.0,3,2,0.04432693395217357,0.5455803348968878,2.0,Mid AOV,Low Eng,Low Prof,Mid AOV | Low Eng | Low Prof,Mid AOV
1956,2025-04-10,2025-09-17,1064.0,6,8,0.5398376322096238,0.6147579905948315,3.0,Mid AOV,Med Eng,High Prof,Mid AOV | Med Eng | High Prof,Mid AOV
1965,2025-05-25,2025-09-16,373.0,6,4,0.32889563401936245,0.26429037931214333,4.0,Low AOV,Low Eng,Low Prof,Low AOV | Low Eng | Low Prof,Low AOV | Low Eng | Low Prof
1974,2025-05-10,2025-09-18,1214.0,2,8,0.26792787925544853,0.22927984664818332,2.0,Mid AOV,Low Eng,Low Prof,Mid AOV | Low Eng | Low Prof,Mid AOV
1976,2024-12-30,2025-09-18,1110.0,4,2,0.2576677621891599,0.2550763500604171,2.0,Mid AOV,Low Eng,Low Prof,Mid AOV | Low Eng | Low Prof,Mid AOV
1982,2025-05-22,2025-09-16,871.0,2,1,0.3597247105564254,0.3632464373040725,4.0,Low AOV,Low Eng,Low Prof,Low AOV | Low Eng | Low Prof,Low AOV | Low Eng | Low Prof
1992,2025-02-25,2025-09-19,1147.0,3,6,0.16189720320035436,0.09841807578579179,1.0,Mid AOV,Low Eng,Low Prof,Mid AOV | Low Eng | Low Prof,Mid AOV
1999,2024-12-12,2025-09-14,458.0,3,7,0.5615015485278867,0.8600100204884876,6.0,Low AOV,Med Eng,High Prof,Low AOV | Med Eng | High Prof,Low AOV | Med Eng
2009,2025-03-25,2025-09-14,1892.0,3,2,0.35407744242517736,0.7953574138516106,6.0,Mid AOV,Low Eng,High Prof,Mid AOV | Low Eng | High Prof,Mid AOV
2023,2025-08-12,2025-09-19,802.0,1,8,0.5890752135095859,0.4103387288846596,1.0,Low AOV,Med Eng,Low Prof,Low AOV | Med Eng | Low Prof,Low AOV | Med Eng
2028,2024-10-15,2025-09-14,2342.0,6,1,0.25380670011969914,0.3965627516228206,6.0,Mid AOV,Low Eng,Low Prof,Mid AOV | Low Eng | Low Prof,Mid AOV
2042,2025-09-15,2025-09-15,1533.0,4,5,0.7546441974003962,0.27325483917993815,5.0,Mid AOV,High Eng,Low Prof,Mid AOV | High Eng | Low Prof,Mid AOV
2055,2025-01-31,2025-09-13,751.0,7,3,0.32371717988487364,0.4182287102655914,7.0,Low AOV,Low Eng,Low Prof,Low AOV | Low Eng | Low Prof,Low AOV | Low Eng | Low Prof
2064,2025-05-01,2025-09-13,235.0,5,2,0.19621869084561555,0.2679805382523801,7.0,Low AOV,Low Eng,Low Prof,Low AOV | Low Eng | Low Prof,Low AOV | Low Eng | Low Prof
2068,2024-09-24,2025-09-14,1493.0,5,3,0.05554462143493443,0.3883272915821221,6.0,Mid AOV,Low Eng,Low Prof,Mid AOV | Low Eng | Low Prof,Mid AOV
2104,2025-06-19,2025-09-14,144.0,4,9,0.8122132829015861,0.29472593847519957,6.0,Low AOV,High Eng,Low Prof,Low AOV | High Eng | Low Prof,ELSE
2119,2025-05-26,2025-09-19,396.0,2,6,0.04280049872769693,0.17918104901670082,1.0,Low AOV,Low Eng,Low Prof,Low AOV | Low Eng | Low Prof,Low AOV | Low Eng | Low Prof
2123,2025-09-08,2025-09-18,1062.0,2,1,0.18696648603747687,0.6748684404042169,2.0,Mid AOV,Low Eng,High Prof,Mid AOV | Low Eng | High Prof,Mid AOV
2124,2025-05-10,2025-09-13,1869.0,3,5,0.30992718835963906,0.7030330983626363,7.0,Mid AOV,Low Eng,High Prof,Mid AOV | Low Eng | High Prof,Mid AOV
2138,2024-11-21,2025-09-19,947.0,3,5,0.3948208529472074,0.3788466229456802,1.0,Low AOV,Low Eng,Low Prof,Low AOV | Low Eng | Low Prof,Low AOV | Low Eng | Low Prof
2139,2025-05-26,2025-09-13,233.0,1,5,0.5048417844483306,0.6200796965428162,7.0,Low AOV,Med Eng,High Prof,Low AOV | Med Eng | High Prof,Low AOV | Med Eng
2149,2024-12-19,2025-09-18,792.0,3,2,0.30613970451476,0.10947862284174477,2.0,Low AOV,Low Eng,Low Prof,Low AOV | Low Eng | Low Prof,Low AOV | Low Eng | Low Prof
2151,2024-10-21,2025-09-15,1196.0,4,7,0.36969483065087017,0.6897530586467552,5.0,Mid AOV,Low Eng,High Prof,Mid AOV | Low Eng | High Prof,Mid AOV
2157,2024-12-03,2025-09-16,228.0,4,4,0.6336625847641296,0.5964219082690517,4.0,Low AOV,Med Eng,Low Prof,Low AOV | Med Eng | Low Prof,Low AOV | Med Eng
2170,2024-10-04,2025-09-17,923.0,10,2,0.3599902930561346,0.7182804415978524,3.0,Low AOV,Low Eng,High Prof,Low AOV | Low Eng | High Prof,ELSE
2176,2024-11-12,2025-09-16,69.0,5,8,0.4618570337201068,0.5773120099389727,4.0,Low AOV,Med Eng,Low Prof,Low AOV | Med Eng | Low Prof,Low AOV | Med Eng
2178,2024-11-26,2025-09-20,2518.0,3,4,0.7629699974333126,0.4596723128571589,0.0,Mid AOV,High Eng,Low Prof,Mid AOV | High Eng | Low Prof,Mid AOV
2188,2025-05-25,2025-09-19,787.0,3,7,0.3973816416723139,0.7439427068024591,1.0,Low AOV,Low Eng,High Prof,Low AOV | Low Eng | High Prof,ELSE
2199,2025-07-10,2025-09-20,147.0,2,7,0.25337443280887395,0.42170579772430694,0.0,Low AOV,Low Eng,Low Prof,Low AOV | Low Eng | Low Prof,Low AOV | Low Eng | Low Prof
2204,2024-10-08,2025-09-18,1791.0,6,7,0.5848219509246932,0.7481503490741259,2.0,Mid AOV,Med Eng,High Prof,Mid AOV | Med Eng | High Prof,Mid AOV
2206,2025-07-14,2025-09-15,194.0,5,8,0.1429453637813445,0.43842975756713226,5.0,Low AOV,Low Eng,Low Prof,Low AOV | Low Eng | Low Prof,Low AOV | Low Eng | Low Prof
2208,2025-04-21,2025-09-15,350.0,5,4,0.5389279294718897,0.7608978007006679,5.0,Low AOV,Med Eng,High Prof,Low AOV | Med Eng | High Prof,Low AOV | Med Eng
2214,2024-10-10,2025-09-19,436.0,7,9,0.40878827347035224,0.4798250254237356,1.0,Low AOV,Med Eng,Low Prof,Low AOV | Med Eng | Low Prof,Low AOV | Med Eng
2223,2025-04-12,2025-09-19,54.0,4,5,0.5788280533921882,0.30880621254683244,1.0,Low AOV,Med Eng,Low Prof,Low AOV | Med Eng | Low Prof,Low AOV | Med Eng
2224,2025-05-24,2025-09-19,306.0,5,4,0.5906850793583144,0.7413539754256169,1.0,Low AOV,Med Eng,High Prof,Low AOV | Med Eng | High Prof,Low AOV | Med Eng
2233,2025-07-05,2025-09-14,498.0,5,6,0.238453701657351,0.9035512587998554,6.0,Low AOV,Low Eng,High Prof,Low AOV | Low Eng | High Prof,ELSE
2235,2025-01-05,2025-09-14,422.0,3,6,0.634480525337737,0.12539426357800007,6.0,Low AOV,Med Eng,Low Prof,Low AOV | Med Eng | Low Prof,Low AOV | Med Eng
2237,2024-12-03,2025-09-19,1095.0,2,6,0.22080058702986222,0.14908048950277455,1.0,Mid AOV,Low Eng,Low Prof,Mid AOV | Low Eng | Low Prof,Mid AOV
2241,2024-11-01,2025-09-16,2088.0,1,3,0.43813090195328186,0.7760491473649509,4.0,Mid AOV,Med Eng,High Prof,Mid AOV | Med Eng | High Prof,Mid AOV
2266,2025-03-08,2025-09-18,1290.0,6,5,0.7348775217280994,0.49542184552919744,2.0,Mid AOV,High Eng,Low Prof,Mid AOV | High Eng | Low Prof,Mid AOV
2279,2025-07-15,2025-09-18,746.0,3,6,0.12631809326812524,0.7848808609179152,2.0,Low AOV,Low Eng,High Prof,Low AOV | Low Eng | High Prof,ELSE
2292,2024-10-01,2025-09-20,1024.0,3,6,0.7516516448502749,0.30828762644843277,0.0,Mid AOV,High Eng,Low Prof,Mid AOV | High Eng | Low Prof,Mid AOV
2295,2024-12-30,2025-09-13,654.0,2,5,0.2091157181798431,0.5003100604909227,7.0,Low AOV,Low Eng,Low Prof,Low AOV | Low Eng | Low Prof,Low AOV | Low Eng | Low Prof
2307,2025-07-27,2025-09-16,617.0,3,8,0.371831522184046,0.455787557638046,4.0,Low AOV,Low Eng,Low Prof,Low AOV | Low Eng | Low Prof,Low AOV | Low Eng | Low Prof
2318,2025-06-08,2025-09-19,1861.0,2,3,0.48196277989630293,0.41576356139883935,1.0,Mid AOV,Med Eng,Low Prof,Mid AOV | Med Eng | Low Prof,Mid AOV
2327,2025-04-24,2025-09-19,135.0,7,9,0.2896266674050386,0.5374681265624187,1.0,Low AOV,Low Eng,Low Prof,Low AOV | Low Eng | Low Prof,Low AOV | Low Eng | Low Prof
2328,2025-06-28,2025-09-19,491.0,4,4,0.6585613448473728,0.5756808584512006,1.0,Low AOV,Med Eng,Low Prof,Low AOV | Med Eng | Low Prof,Low AOV | Med Eng
2343,2025-01-05,2025-09-14,244.0,2,6,0.5511558936401696,0.6839753115852295,6.0,Low AOV,Med Eng,High Prof,Low AOV | Med Eng | High Prof,Low AOV | Med Eng
2354,2024-10-13,2025-09-15,703.0,3,3,0.47035590480951867,0.9738214837087424,5.0,Low AOV,Med Eng,High Prof,Low AOV | Med Eng | High Prof,Low AOV | Med Eng
2363,2025-06-30,2025-09-20,328.0,3,5,0.528338666027976,0.6149030357823387,0.0,Low AOV,Med Eng,High Prof,Low AOV | Med Eng | High Prof,Low AOV | Med Eng
2364,2024-12-03,2025-09-15,480.0,3,9,0.7544388062387973,0.5242377803482674,5.0,Low AOV,High Eng,Low Prof,Low AOV | High Eng | Low Prof,ELSE
2366,2025-02-16,2025-09-19,682.0,3,7,0.7691740553204035,0.4347711101760766,1.0,Low AOV,High Eng,Low Prof,Low AOV | High Eng | Low Prof,ELSE
2367,2025-04-15,2025-09-13,684.0,3,1,0.6242455468452203,0.6158339619735733,7.0,Low AOV,Med Eng,High Prof,Low AOV | Med Eng | High Prof,Low AOV | Med Eng
2372,2025-09-06,2025-09-20,345.0,3,8,0.5910759424695179,0.8946662276381326,0.0,Low AOV,Med Eng,High Prof,Low AOV | Med Eng | High Prof,Low AOV | Med Eng
2376,2024-10-08,2025-09-16,677.0,5,2,0.13106062459928733,0.6135103723680866,4.0,Low AOV,Low Eng,High Prof,Low AOV | Low Eng | High Prof,ELSE
2389,2024-12-24,2025-09-19,172.0,4,4,0.4928707787286427,0.6556630996387768,1.0,Low AOV,Med Eng,High Prof,Low AOV | Med Eng | High Prof,Low AOV | Med Eng
2390,2024-11-03,2025-09-14,1038.0,1,9,0.4577924251608214,0.9174161641009393,6.0,Mid AOV,Med Eng,High Prof,Mid AOV | Med Eng | High Prof,Mid AOV
2392,2024-10-19,2025-09-16,976.0,7,4,0.08428587322684644,0.06904033765857445,4.0,Low AOV,Low Eng,Low Prof,Low AOV | Low Eng | Low Prof,Low AOV | Low Eng | Low Prof
2397,2025-05-26,2025-09-16,1180.0,5,8,0.42562154851426337,0.7832158033320442,4.0,Mid AOV,Med Eng,High Prof,Mid AOV | Med Eng | High Prof,Mid AOV
2398,2025-08-26,2025-09-17,144.0,7,5,0.5842789343592815,0.6296539964769248,3.0,Low AOV,Med Eng,High Prof,Low AOV | Med Eng | High Prof,Low AOV | Med Eng
2418,2025-07-22,2025-09-18,619.0,3,7,0.5276318590282933,0.41455377926708364,2.0,Low AOV,Med Eng,Low Prof,Low AOV | Med Eng | Low Prof,Low AOV | Med Eng
2422,2024-12-28,2025-09-17,209.0,2,2,0.5810531755358761,0.6425717404856055,3.0,Low AOV,Med Eng,High Prof,Low AOV | Med Eng | High Prof,Low AOV | Med Eng
2430,2025-06-13,2025-09-19,154.0,4,5,0.5667687836925231,0.6758164495563614,1.0,Low AOV,Med Eng,High Prof,Low AOV | Med Eng | High Prof,Low AOV | Med Eng
2434,2025-03-14,2025-09-13,1681.0,7,4,0.5492607757602478,0.4834975729543203,7.0,Mid AOV,Med Eng,Low Prof,Mid AOV | Med Eng | Low Prof,Mid AOV
2449,2025-05-19,2025-09-17,2045.0,2,7,0.47501279063500196,0.852735817633071,3.0,Mid AOV,Med Eng,High Prof,Mid AOV | Med Eng | High Prof,Mid AOV
2456,2025-01-07,2025-09-18,866.0,3,5,0.6675518111510755,0.4274340848081525,2.0,Low AOV,Med Eng,Low Prof,Low AOV | Med Eng | Low Prof,Low AOV | Med Eng
2465,2025-07-20,2025-09-13,329.0,4,7,0.7485971610692502,0.1559151442352503,7.0,Low AOV,High Eng,Low Prof,Low AOV | High Eng | Low Prof,ELSE
2466,2025-02-13,2025-09-18,1700.0,0,6,0.6036784873532265,0.5988762903528041,2.0,Mid AOV,Med Eng,Low Prof,Mid AOV | Med Eng | Low Prof,Mid AOV
2483,2025-03-16,2025-09-13,268.0,2,2,0.3698904112722354,0.15744301548806242,7.0,Low AOV,Low Eng,Low Prof,Low AOV | Low Eng | Low Prof,Low AOV | Low Eng | Low Prof
2497,2025-02-05,2025-09-13,109.0,4,1,0.49109698546380953,0.3903019290667053,7.0,Low AOV,Med Eng,Low Prof,Low AOV | Med Eng | Low Prof,Low AOV | Med Eng
2498,2025-01-30,2025-09-13,1194.0,3,2,0.47832648785646487,0.25007423996790007,7.0,Mid AOV,Med Eng,Low Prof,Mid AOV | Med Eng | Low Prof,Mid AOV
2502,2025-08-09,2025-09-17,2165.0,2,2,0.4593728580568544,0.09331144503534519,3.0,Mid AOV,Med Eng,Low Prof,Mid AOV | Med Eng | Low Prof,Mid AOV
2506,2025-09-03,2025-09-15,358.0,5,8,0.2867073150002523,0.5291048426373637,5.0,Low AOV,Low Eng,Low Prof,Low AOV | Low Eng | Low Prof,Low AOV | Low Eng | Low Prof
2511,2025-08-03,2025-09-14,460.0,4,3,0.6737340461176896,0.6140702487284995,6.0,Low AOV,Med Eng,High Prof,Low AOV | Med Eng | High Prof,Low AOV | Med Eng
2512,2025-08-22,2025-09-14,3475.0,5,4,0.28581292970657834,0.609103655435479,6.0,High AOV,Low Eng,High Prof,High AOV | Low Eng | High Prof,ELSE
2534,2024-10-22,2025-09-16,845.0,5,7,0.07451188331550437,0.38878977860177516,4.0,Low AOV,Low Eng,Low Prof,Low AOV | Low Eng | Low Prof,Low AOV | Low Eng | Low Prof
2537,2025-08-08,2025-09-15,401.0,1,1,0.8745623319624376,0.726149652311357,5.0,Low AOV,High Eng,High Prof,Low AOV | High Eng | High Prof,ELSE
2540,2025-09-03,2025-09-18,982.0,6,1,0.47729273026237834,0.49381010765517575,2.0,Low AOV,Med Eng,Low Prof,Low AOV | Med Eng | Low Prof,Low AOV | Med Eng
2561,2024-10-18,2025-09-18,898.0,13,4,0.47746849030921484,0.4841122859796203,2.0,Low AOV,Med Eng,Low Prof,Low AOV | Med Eng | Low Prof,Low AOV | Med Eng
2563,2025-05-07,2025-09-15,727.0,8,4,0.26526214904488077,0.5540164037978891,5.0,Low AOV,Low Eng,Low Prof,Low AOV | Low Eng | Low Prof,Low AOV | Low Eng | Low Prof
2576,2025-01-08,2025-09-19,178.0,2,3,0.6228095604657855,0.4600993443525614,1.0,Low AOV,Med Eng,Low Prof,Low AOV | Med Eng | Low Prof,Low AOV | Med Eng
2579,2025-04-09,2025-09-19,4629.0,5,2,0.2519420589193801,0.35560267928755035,1.0,High AOV,Low Eng,Low Prof,High AOV | Low Eng | Low Prof,ELSE
2586,2024-10-04,2025-09-15,235.0,3,5,0.6386077118979396,0.37160633930288056,5.0,Low AOV,Med Eng,Low Prof,Low AOV | Med Eng | Low Prof,Low AOV | Med Eng
2595,2025-04-20,2025-09-16,729.0,4,8,0.4353967799519266,0.3685029173291228,4.0,Low AOV,Med Eng,Low Prof,Low AOV | Med Eng | Low Prof,Low AOV | Med Eng
2599,2025-05-29,2025-09-15,1144.0,9,7,0.5254404753407587,0.39764987470838653,5.0,Mid AOV,Med Eng,Low Prof,Mid AOV | Med Eng | Low Prof,Mid AOV
2634,2025-01-05,2025-09-19,716.0,6,4,0.20115918250538586,0.5657512566741284,1.0,Low AOV,Low Eng,Low Prof,Low AOV | Low Eng | Low Prof,Low AOV | Low Eng | Low Prof
2637,2024-12-11,2025-09-20,854.0,1,1,0.2621315369174071,0.5012140466062368,0.0,Low AOV,Low Eng,Low Prof,Low AOV | Low Eng | Low Prof,Low AOV | Low Eng | Low Prof
2643,2025-04-02,2025-09-13,144.0,5,6,0.13389461656835758,0.7080187805191376,7.0,Low AOV,Low Eng,High Prof,Low AOV | Low Eng | High Prof,ELSE
2650,2025-09-01,2025-09-18,1611.0,2,7,0.6062078198462896,0.7681051010184072,2.0,Mid AOV,Med Eng,High Prof,Mid AOV | Med Eng | High Prof,Mid AOV
2656,2025-05-15,2025-09-20,929.0,3,6,0.16274479635639955,0.7106733842367561,0.0,Low AOV,Low Eng,High Prof,Low AOV | Low Eng | High Prof,ELSE
2664,2025-05-14,2025-09-14,3912.0,3,8,0.12242142884547332,0.5858310169246842,6.0,High AOV,Low Eng,Low Prof,High AOV | Low Eng | Low Prof,ELSE
2672,2024-10-01,2025-09-13,206.0,3,3,0.325109581101237,0.2878990047390419,7.0,Low AOV,Low Eng,Low Prof,Low AOV | Low Eng | Low Prof,Low AOV | Low Eng | Low Prof
2677,2025-07-16,2025-09-14,148.0,4,8,0.4275422775748911,0.4143994511403671,6.0,Low AOV,Med Eng,Low Prof,Low AOV | Med Eng | Low Prof,Low AOV | Med Eng
2681,2025-01-29,2025-09-19,139.0,3,8,0.19375308457665527,0.5078312821209222,1.0,Low AOV,Low Eng,Low Prof,Low AOV | Low Eng | Low Prof,Low AOV | Low Eng | Low Prof
2683,2024-11-10,2025-09-20,2312.0,2,7,0.3543902928515905,0.5756691635153331,0.0,Mid AOV,Low Eng,Low Prof,Mid AOV | Low Eng | Low Prof,Mid AOV
2699,2025-06-01,2025-09-17,2249.0,5,1,0.23930834722546565,0.2640994007058598,3.0,Mid AOV,Low Eng,Low Prof,Mid AOV | Low Eng | Low Prof,Mid AOV
2703,2025-02-05,2025-09-14,1342.0,5,4,0.36928166201926277,0.26088098973795326,6.0,Mid AOV,Low Eng,Low Prof,Mid AOV | Low Eng | Low Prof,Mid AOV
2705,2024-12-01,2025-09-15,2066.0,4,9,0.6654087689806173,0.7606722063178396,5.0,Mid AOV,Med Eng,High Prof,Mid AOV | Med Eng | High Prof,Mid AOV
2712,2025-03-16,2025-09-20,60.0,3,8,0.3155556612405485,0.6816605890617015,0.0,Low AOV,Low Eng,High Prof,Low AOV | Low Eng | High Prof,ELSE
2721,2025-09-17,2025-09-19,2955.0,7,3,0.4876736131895921,0.8336998868883566,1.0,Mid AOV,Med Eng,High Prof,Mid AOV | Med Eng | High Prof,Mid AOV
2728,2025-08-27,2025-09-18,657.0,6,2,0.22259169932491454,0.270103684918538,2.0,Low AOV,Low Eng,Low Prof,Low AOV | Low Eng | Low Prof,Low AOV | Low Eng | Low Prof
2749,2024-10-05,2025-09-15,495.0,6,9,0.43276659542067497,0.18750501410003387,5.0,Low AOV,Med Eng,Low Prof,Low AOV | Med Eng | Low Prof,Low AOV | Med Eng
2766,2025-04-25,2025-09-20,379.0,4,1,0.27163651389736526,0.6002977444870876,0.0,Low AOV,Low Eng,High Prof,Low AOV | Low Eng | High Prof,ELSE
2783,2025-05-30,2025-09-19,790.0,2,6,0.5444155443856247,0.6471038743415933,1.0,Low AOV,Med Eng,High Prof,Low AOV | Med Eng | High Prof,Low AOV | Med Eng
2808,2024-12-14,2025-09-15,1307.0,5,7,0.7203130194643352,0.5785361776929923,5.0,Mid AOV,High Eng,Low Prof,Mid AOV | High Eng | Low Prof,Mid AOV
2814,2025-03-30,2025-09-14,269.0,5,6,0.7231258393476241,0.7107751635180019,6.0,Low AOV,High Eng,High Prof,Low AOV | High Eng | High Prof,ELSE
2829,2025-02-12,2025-09-14,2514.0,3,9,0.49584818668605984,0.586351104828035,6.0,Mid AOV,Med Eng,Low Prof,Mid AOV | Med Eng | Low Prof,Mid AOV
2841,2025-02-04,2025-09-14,1165.0,3,9,0.42047899503563474,0.4108924080617031,6.0,Mid AOV,Med Eng,Low Prof,Mid AOV | Med Eng | Low Prof,Mid AOV
2859,2025-03-05,2025-09-17,204.0,5,6,0.28505676236488914,0.7000987868403201,3.0,Low AOV,Low Eng,High Prof,Low AOV | Low Eng | High Prof,ELSE
2864,2024-11-10,2025-09-18,2625.0,2,9,0.18578316939611686,0.5409157114655102,2.0,Mid AOV,Low Eng,Low Prof,Mid AOV | Low Eng | Low Prof,Mid AOV
2883,2025-07-21,2025-09-15,369.0,2,1,0.26449416660120134,0.39885069324794203,5.0,Low AOV,Low Eng,Low Prof,Low AOV | Low Eng | Low Prof,Low AOV | Low Eng | Low Prof
2884,2025-07-21,2025-09-19,1787.0,5,2,0.6034177342992507,0.3408543827172753,1.0,Mid AOV,Med Eng,Low Prof,Mid AOV | Med Eng | Low Prof,Mid AOV
2899,2025-09-18,2025-09-19,716.0,5,9,0.4541721425189959,0.7601962175971738,1.0,Low AOV,Med Eng,High Prof,Low AOV | Med Eng | High Prof,Low AOV | Med Eng
2917,2025-01-20,2025-09-20,130.0,2,1,0.7820394498914591,0.5974195476202907,0.0,Low AOV,High Eng,Low Prof,Low AOV | High Eng | Low Prof,ELSE
2927,2025-01-31,2025-09-15,620.0,5,3,0.14111126121776324,0.5138407129239803,5.0,Low AOV,Low Eng,Low Prof,Low AOV | Low Eng | Low Prof,Low AOV | Low Eng | Low Prof
2928,2025-02-19,2025-09-20,1382.0,2,8,0.34205046647888343,0.29269887847463505,0.0,Mid AOV,Low Eng,Low Prof,Mid AOV | Low Eng | Low Prof,Mid AOV
2932,2025-06-20,2025-09-17,2484.0,1,7,0.6177849014310444,0.8798303488679646,3.0,Mid AOV,Med Eng,High Prof,Mid AOV | Med Eng | High Prof,Mid AOV
2943,2025-08-09,2025-09-20,479.0,1,9,0.09187611447267498,0.426332479807405,0.0,Low AOV,Low Eng,Low Prof,Low AOV | Low Eng | Low Prof,Low AOV | Low Eng | Low Prof
2946,2025-04-06,2025-09-16,464.0,4,3,0.3325571535003445,0.6349384513879116,4.0,Low AOV,Low Eng,High Prof,Low AOV | Low Eng | High Prof,ELSE
2952,2024-12-27,2025-09-17,746.0,4,5,0.47483943021769864,0.44287530811838643,3.0,Low AOV,Med Eng,Low Prof,Low AOV | Med Eng | Low Prof,Low AOV | Med Eng
2973,2024-09-22,2025-09-15,293.0,3,1,0.20397507074413151,0.8634682939377617,5.0,Low AOV,Low Eng,High Prof,Low AOV | Low Eng | High Prof,ELSE
2983,2025-01-17,2025-09-16,1076.0,4,3,0.4501711362682902,0.44938620506574145,4.0,Mid AOV,Med Eng,Low Prof,Mid AOV | Med Eng | Low Prof,Mid AOV
2988,2024-11-22,2025-09-15,562.0,5,9,0.8201689456344003,0.13087939608320492,5.0,Low AOV,High Eng,Low Prof,Low AOV | High Eng | Low Prof,ELSE
2999,2025-02-09,2025-09-19,3663.0,3,2,0.6795757572466427,0.25017803948605327,1.0,High AOV,Med Eng,Low Prof,High AOV | Med Eng | Low Prof,ELSE
3006,2025-05-12,2025-09-13,147.0,1,6,0.2848758385968902,0.6593469575872348,7.0,Low AOV,Low Eng,High Prof,Low AOV | Low Eng | High Prof,ELSE
3007,2024-10-02,2025-09-19,392.0,6,5,0.4069965486511172,0.7247699844309847,1.0,Low AOV,Med Eng,High Prof,Low AOV | Med Eng | High Prof,Low AOV | Med Eng
3028,2025-01-15,2025-09-16,61.0,3,6,0.48835033869410294,0.5558597406842455,4.0,Low AOV,Med Eng,Low Prof,Low AOV | Med Eng | Low Prof,Low AOV | Med Eng
3039,2024-12-15,2025-09-13,1169.0,3,2,0.48496343495478406,0.6358760993606706,7.0,Mid AOV,Med Eng,High Prof,Mid AOV | Med Eng | High Prof,Mid AOV
3049,2024-12-05,2025-09-20,794.0,5,1,0.20315360352131234,0.11292024898323537,0.0,Low AOV,Low Eng,Low Prof,Low AOV | Low Eng | Low Prof,Low AOV | Low Eng | Low Prof
3075,2025-05-01,2025-09-13,1201.0,4,8,0.6651893283400578,0.47543786708065566,7.0,Mid AOV,Med Eng,Low Prof,Mid AOV | Med Eng | Low Prof,Mid AOV
3081,2025-02-22,2025-09-19,262.0,5,6,0.2696267600286214,0.4724281074485939,1.0,Low AOV,Low Eng,Low Prof,Low AOV | Low Eng | Low Prof,Low AOV | Low Eng | Low Prof
3088,2024-10-01,2025-09-13,590.0,6,1,0.6739609418265989,0.6025241148206844,7.0,Low AOV,Med Eng,High Prof,Low AOV | Med Eng | High Prof,Low AOV | Med Eng
3112,2025-03-31,2025-09-14,137.0,1,8,0.4677971940657552,0.5499590937298994,6.0,Low AOV,Med Eng,Low Prof,Low AOV | Med Eng | Low Prof,Low AOV | Med Eng
3115,2025-07-19,2025-09-17,2147.0,5,3,0.266766861352437,0.4386407293864155,3.0,Mid AOV,Low Eng,Low Prof,Mid AOV | Low Eng | Low Prof,Mid AOV
3139,2024-12-30,2025-09-18,411.0,6,8,0.3686478720934523,0.1644958270544974,2.0,Low AOV,Low Eng,Low Prof,Low AOV | Low Eng | Low Prof,Low AOV | Low Eng | Low Prof
3141,2024-09-24,2025-09-20,152.0,4,3,0.48156603293166345,0.2748250446647037,0.0,Low AOV,Med Eng,Low Prof,Low AOV | Med Eng | Low Prof,Low AOV | Med Eng
3148,2025-03-21,2025-09-20,1130.0,2,9,0.3755258230939505,0.4752412567939949,0.0,Mid AOV,Low Eng,Low Prof,Mid AOV | Low Eng | Low Prof,Mid AOV
3162,2024-09-28,2025-09-14,496.0,6,3,0.36810072535189503,0.3659033048806717,6.0,Low AOV,Low Eng,Low Prof,Low AOV | Low Eng | Low Prof,Low AOV | Low Eng | Low Prof
3166,2025-08-16,2025-09-20,287.0,5,7,0.3723979763145953,0.7439238806257964,0.0,Low AOV,Low Eng,High Prof,Low AOV | Low Eng | High Prof,ELSE
3174,2025-03-30,2025-09-13,388.0,7,2,0.33780199797027477,0.5999197830771162,7.0,Low AOV,Low Eng,Low Prof,Low AOV | Low Eng | Low Prof,Low AOV | Low Eng | Low Prof
3178,2025-04-26,2025-09-17,613.0,2,6,0.5239206642656682,0.6760187928792817,3.0,Low AOV,Med Eng,High Prof,Low AOV | Med Eng | High Prof,Low AOV | Med Eng
3184,2024-11-17,2025-09-15,396.0,2,9,0.6604026691130396,0.5536648952562959,5.0,Low AOV,Med Eng,Low Prof,Low AOV | Med Eng | Low Prof,Low AOV | Med Eng
3190,2024-11-13,2025-09-14,57.0,8,8,0.5750048572340544,0.3055829203810301,6.0,Low AOV,Med Eng,Low Prof,Low AOV | Med Eng | Low Prof,Low AOV | Med Eng
3197,2025-03-10,2025-09-17,1299.0,4,9,0.2922804955522955,0.3709757468035921,3.0,Mid AOV,Low Eng,Low Prof,Mid AOV | Low Eng | Low Prof,Mid AOV
3207,2025-02-22,2025-09-20,139.0,4,5,0.3975941018042851,0.5414164563473678,0.0,Low AOV,Low Eng,Low Prof,Low AOV | Low Eng | Low Prof,Low AOV | Low Eng | Low Prof
3208,2025-07-21,2025-09-20,217.0,4,3,0.551724523827334,0.4380942470379471,0.0,Low AOV,Med Eng,Low Prof,Low AOV | Med Eng | Low Prof,Low AOV | Med Eng
3210,2025-01-01,2025-09-19,1311.0,4,7,0.8661300503354513,0.7272972135662938,1.0,Mid AOV,High Eng,High Prof,Mid AOV | High Eng | High Prof,Mid AOV
3214,2024-09-23,2025-09-15,384.0,5,4,0.33795895146781196,0.7435724687163786,5.0,Low AOV,Low Eng,High Prof,Low AOV | Low Eng | High Prof,ELSE
3219,2025-05-01,2025-09-18,1298.0,6,2,0.563487011912047,0.6814075825757847,2.0,Mid AOV,Med Eng,High Prof,Mid AOV | Med Eng | High Prof,Mid AOV
3230,2025-05-07,2025-09-16,176.0,5,9,0.2576156847770791,0.15549612276675617,4.0,Low AOV,Low Eng,Low Prof,Low AOV | Low Eng | Low Prof,Low AOV | Low Eng | Low Prof
3243,2024-12-29,2025-09-13,454.0,5,3,0.1894331564473574,0.7430587584990832,7.0,Low AOV,Low Eng,High Prof,Low AOV | Low Eng | High Prof,ELSE
3269,2025-06-03,2025-09-14,186.0,5,1,0.2421359882790004,0.1437453613198638,6.0,Low AOV,Low Eng,Low Prof,Low AOV | Low Eng | Low Prof,Low AOV | Low Eng | Low Prof
3278,2024-10-08,2025-09-20,86.0,3,6,0.5453968476908333,0.7211206405289688,0.0,Low AOV,Med Eng,High Prof,Low AOV | Med Eng | High Prof,Low AOV | Med Eng
3280,2024-10-12,2025-09-14,2884.0,6,2,0.09737667770799661,0.5315598758047414,6.0,Mid AOV,Low Eng,Low Prof,Mid AOV | Low Eng | Low Prof,Mid AOV
3287,2025-04-27,2025-09-15,135.0,5,1,0.19197871385618182,0.5068646445221285,5.0,Low AOV,Low Eng,Low Prof,Low AOV | Low Eng | Low Prof,Low AOV | Low Eng | Low Prof
3288,2024-10-31,2025-09-17,145.0,3,5,0.5064885474413667,0.4230022988834342,3.0,Low AOV,Med Eng,Low Prof,Low AOV | Med Eng | Low Prof,Low AOV | Med Eng
3289,2025-04-12,2025-09-16,731.0,1,4,0.45381101097846666,0.6088231578956255,4.0,Low AOV,Med Eng,High Prof,Low AOV | Med Eng | High Prof,Low AOV | Med Eng
3303,2025-06-07,2025-09-14,90.0,4,7,0.07657168828919567,0.38075042762879796,6.0,Low AOV,Low Eng,Low Prof,Low AOV | Low Eng | Low Prof,Low AOV | Low Eng | Low Prof
3307,2024-12-28,2025-09-15,2529.0,2,5,0.794752546675348,0.8521781977317243,5.0,Mid AOV,High Eng,High Prof,Mid AOV | High Eng | High Prof,Mid AOV
3313,2025-08-23,2025-09-19,812.0,4,2,0.37360719577416174,0.6755881138050057,1.0,Low AOV,Low Eng,High Prof,Low AOV | Low Eng | High Prof,ELSE
3316,2025-04-18,2025-09-14,153.0,4,5,0.7621084205673633,0.9153888870204333,6.0,Low AOV,High Eng,High Prof,Low AOV | High Eng | High Prof,ELSE
3318,2025-09-18,2025-09-13,617.0,5,4,0.25211771394707466,0.6760788453646278,7.0,Low AOV,Low Eng,High Prof,Low AOV | Low Eng | High Prof,ELSE
3345,2025-08-21,2025-09-20,371.0,1,2,0.3241085611619976,0.44325673476436367,0.0,Low AOV,Low Eng,Low Prof,Low AOV | Low Eng | Low Prof,Low AOV | Low Eng | Low Prof
3349,2024-12-06,2025-09-20,425.0,3,6,0.14911353666512575,0.2235334149736928,0.0,Low AOV,Low Eng,Low Prof,Low AOV | Low Eng | Low Prof,Low AOV | Low Eng | Low Prof
3359,2025-08-03,2025-09-20,103.0,3,6,0.2559910037156,0.4142158223037077,0.0,Low AOV,Low Eng,Low Prof,Low AOV | Low Eng | Low Prof,Low AOV | Low Eng | Low Prof
3370,2024-11-03,2025-09-19,1210.0,6,4,0.10739851383387161,0.5808262332664832,1.0,Mid AOV,Low Eng,Low Prof,Mid AOV | Low Eng | Low Prof,Mid AOV
3378,2024-11-19,2025-09-13,926.0,3,1,0.26018383893558883,0.6275700792145681,7.0,Low AOV,Low Eng,High Prof,Low AOV | Low Eng | High Prof,ELSE
3381,2024-10-30,2025-09-13,1646.0,4,8,0.36001790291085106,0.41007530334830555,7.0,Mid AOV,Low Eng,Low Prof,Mid AOV | Low Eng | Low Prof,Mid AOV
3392,2025-08-06,2025-09-18,95.0,9,8,0.1162069277577222,0.5276139781371585,2.0,Low AOV,Low Eng,Low Prof,Low AOV | Low Eng | Low Prof,Low AOV | Low Eng | Low Prof
3410,2024-09-28,2025-09-17,286.0,5,5,0.6113287424962108,0.5708763825798089,3.0,Low AOV,Med Eng,Low Prof,Low AOV | Med Eng | Low Prof,Low AOV | Med Eng
3411,2025-08-16,2025-09-16,125.0,7,7,0.6566728751964923,0.712413924230225,4.0,Low AOV,Med Eng,High Prof,Low AOV | Med Eng | High Prof,Low AOV | Med Eng
3412,2025-06-25,2025-09-17,116.0,1,8,0.24707385615142907,0.7132948259153913,3.0,Low AOV,Low Eng,High Prof,Low AOV | Low Eng | High Prof,ELSE
3420,2025-05-17,2025-09-13,874.0,5,1,0.6642976169758794,0.706064721201013,7.0,Low AOV,Med Eng,High Prof,Low AOV | Med Eng | High Prof,Low AOV | Med Eng
3459,2025-04-08,2025-09-20,1209.0,4,8,0.5160267967102118,0.13017384800850393,0.0,Mid AOV,Med Eng,Low Prof,Mid AOV | Med Eng | Low Prof,Mid AOV
3460,2024-10-14,2025-09-17,2414.0,5,6,0.4486065943678188,0.6673051930478427,3.0,Mid AOV,Med Eng,High Prof,Mid AOV | Med Eng | High Prof,Mid AOV
3468,2025-07-18,2025-09-13,1001.0,2,6,0.5887082186396122,0.3861497437356006,7.0,Mid AOV,Med Eng,Low Prof,Mid AOV | Med Eng | Low Prof,Mid AOV
3474,2025-03-31,2025-09-18,559.0,3,9,0.37946140924055954,0.3059101443393902,2.0,Low AOV,Low Eng,Low Prof,Low AOV | Low Eng | Low Prof,Low AOV | Low Eng | Low Prof
3480,2025-09-15,2025-09-18,1659.0,6,1,0.6890732524714779,0.4448899798271914,2.0,Mid AOV,Med Eng,Low Prof,Mid AOV | Med Eng | Low Prof,Mid AOV
3483,2025-08-05,2025-09-17,78.0,2,7,0.2730859605918137,0.475753360459596,3.0,Low AOV,Low Eng,Low Prof,Low AOV | Low Eng | Low Prof,Low AOV | Low Eng | Low Prof
3492,2024-11-16,2025-09-16,1114.0,1,6,0.7373349615512559,0.5375236825712667,4.0,Mid AOV,High Eng,Low Prof,Mid AOV | High Eng | Low Prof,Mid AOV
3493,2024-10-03,2025-09-16,1621.0,3,5,0.4089182641382988,0.3917002102941701,4.0,Mid AOV,Med Eng,Low Prof,Mid AOV | Med Eng | Low Prof,Mid AOV
3498,2025-06-10,2025-09-14,405.0,4,5,0.4152141559258663,0.12563448708169445,6.0,Low AOV,Med Eng,Low Prof,Low AOV | Med Eng | Low Prof,Low AOV | Med Eng
3530,2025-02-24,2025-09-15,670.0,3,3,0.16533130360082504,0.1521441881873182,5.0,Low AOV,Low Eng,Low Prof,Low AOV | Low Eng | Low Prof,Low AOV | Low Eng | Low Prof
3534,2025-02-18,2025-09-14,934.0,4,7,0.20307444229992722,0.58149866587901,6.0,Low AOV,Low Eng,Low Prof,Low AOV | Low Eng | Low Prof,Low AOV | Low Eng | Low Prof
3548,2024-12-08,2025-09-16,329.0,3,3,0.2524987786654704,0.17120076461672742,4.0,Low AOV,Low Eng,Low Prof,Low AOV | Low Eng | Low Prof,Low AOV | Low Eng | Low Prof
3570,2025-03-16,2025-09-20,2248.0,3,8,0.6610681436163681,0.864570312219681,0.0,Mid AOV,Med Eng,High Prof,Mid AOV | Med Eng | High Prof,Mid AOV
3577,2025-03-10,2025-09-19,1727.0,2,5,0.679822621009413,0.2290939112016983,1.0,Mid AOV,Med Eng,Low Prof,Mid AOV | Med Eng | Low Prof,Mid AOV
3586,2024-09-30,2025-09-19,154.0,5,2,0.5154729998900167,0.7357426414176903,1.0,Low AOV,Med Eng,High Prof,Low AOV | Med Eng | High Prof,Low AOV | Med Eng
3596,2024-09-27,2025-09-16,1008.0,2,5,0.27114167428654873,0.7870556306041907,4.0,Mid AOV,Low Eng,High Prof,Mid AOV | Low Eng | High Prof,Mid AOV
3597,2025-09-04,2025-09-20,2135.0,2,6,0.312936979499418,0.27754232335023143,0.0,Mid AOV,Low Eng,Low Prof,Mid AOV | Low Eng | Low Prof,Mid AOV
3604,2025-03-16,2025-09-17,842.0,3,5,0.2996030731765504,0.43888876435481317,3.0,Low AOV,Low Eng,Low Prof,Low AOV | Low Eng | Low Prof,Low AOV | Low Eng | Low Prof
3625,2025-07-29,2025-09-19,95.0,7,4,0.4619020495977659,0.6415210258704821,1.0,Low AOV,Med Eng,High Prof,Low AOV | Med Eng | High Prof,Low AOV | Med Eng
3633,2025-08-28,2025-09-19,825.0,5,5,0.3530120420694047,0.523846124914142,1.0,Low AOV,Low Eng,Low Prof,Low AOV | Low Eng | Low Prof,Low AOV | Low Eng | Low Prof
3638,2025-07-30,2025-09-15,840.0,6,1,0.38642854005658345,0.14178972661126443,5.0,Low AOV,Low Eng,Low Prof,Low AOV | Low Eng | Low Prof,Low AOV | Low Eng | Low Prof
3652,2025-09-08,2025-09-18,962.0,3,5,0.6569858929840954,0.4646607630713829,2.0,Low AOV,Med Eng,Low Prof,Low AOV | Med Eng | Low Prof,Low AOV | Med Eng
3656,2025-01-15,2025-09-19,676.0,3,5,0.27981942388572073,0.32874482549390444,1.0,Low AOV,Low Eng,Low Prof,Low AOV | Low Eng | Low Prof,Low AOV | Low Eng | Low Prof
3666,2025-04-19,2025-09-15,477.0,4,6,0.5191562629061861,0.9598078909415163,5.0,Low AOV,Med Eng,High Prof,Low AOV | Med Eng | High Prof,Low AOV | Med Eng
3669,2025-02-18,2025-09-14,575.0,3,4,0.4478203046451237,0.3345920093885059,6.0,Low AOV,Med Eng,Low Prof,Low AOV | Med Eng | Low Prof,Low AOV | Med Eng
3671,2025-02-23,2025-09-20,507.0,6,6,0.3221950199678442,0.3334686848821212,0.0,Low AOV,Low Eng,Low Prof,Low AOV | Low Eng | Low Prof,Low AOV | Low Eng | Low Prof
3676,2024-10-30,2025-09-16,1409.0,4,6,0.4376269295393755,0.6596507994955128,4.0,Mid AOV,Med Eng,High Prof,Mid AOV | Med Eng | High Prof,Mid AOV
3681,2025-05-22,2025-09-16,776.0,4,7,0.45762036446692544,0.42607950948322104,4.0,Low AOV,Med Eng,Low Prof,Low AOV | Med Eng | Low Prof,Low AOV | Med Eng
3685,2025-05-06,2025-09-13,96.0,5,9,0.5511702247835117,0.3616734920756428,7.0,Low AOV,Med Eng,Low Prof,Low AOV | Med Eng | Low Prof,Low AOV | Med Eng
3690,2025-05-02,2025-09-16,495.0,5,2,0.5565513019957764,0.18721547138243813,4.0,Low AOV,Med Eng,Low Prof,Low AOV | Med Eng | Low Prof,Low AOV | Med Eng
3702,2025-03-29,2025-09-14,398.0,2,8,0.12939397150489101,0.8813011492039765,6.0,Low AOV,Low Eng,High Prof,Low AOV | Low Eng | High Prof,ELSE
3704,2025-02-19,2025-09-17,424.0,6,5,0.21695672579238998,0.432794567825587,3.0,Low AOV,Low Eng,Low Prof,Low AOV | Low Eng | Low Prof,Low AOV | Low Eng | Low Prof
3707,2025-06-11,2025-09-14,905.0,1,5,0.3100486068622574,0.8092246585642905,6.0,Low AOV,Low Eng,High Prof,Low AOV | Low Eng | High Prof,ELSE
3713,2025-06-18,2025-09-18,728.0,3,4,0.32345744853385205,0.7017096924989698,2.0,Low AOV,Low Eng,High Prof,Low AOV | Low Eng | High Prof,ELSE
3725,2025-08-10,2025-09-17,650.0,6,3,0.4998489416223755,0.5089791050930613,3.0,Low AOV,Med Eng,Low Prof,Low AOV | Med Eng | Low Prof,Low AOV | Med Eng
3734,2025-02-22,2025-09-14,637.0,4,7,0.3667252696745845,0.8132381735462814,6.0,Low AOV,Low Eng,High Prof,Low AOV | Low Eng | High Prof,ELSE
3741,2025-04-07,2025-09-15,925.0,1,2,0.24609499044204128,0.09795503118513726,5.0,Low AOV,Low Eng,Low Prof,Low AOV | Low Eng | Low Prof,Low AOV | Low Eng | Low Prof
3744,2025-06-03,2025-09-14,421.0,4,9,0.6308805237116586,0.22552244880736821,6.0,Low AOV,Med Eng,Low Prof,Low AOV | Med Eng | Low Prof,Low AOV | Med Eng
3749,2025-02-16,2025-09-13,928.0,5,7,0.35242770572072957,0.27841127386977804,7.0,Low AOV,Low Eng,Low Prof,Low AOV | Low Eng | Low Prof,Low AOV | Low Eng | Low Prof
3775,2025-07-29,2025-09-13,1556.0,5,2,0.3764985101964227,0.5718452257369543,7.0,Mid AOV,Low Eng,Low Prof,Mid AOV | Low Eng | Low Prof,Mid AOV
3810,2025-04-03,2025-09-15,199.0,0,8,0.12870176567052505,0.07745184490925024,5.0,Low AOV,Low Eng,Low Prof,Low AOV | Low Eng | Low Prof,Low AOV | Low Eng | Low Prof
3812,2025-03-29,2025-09-20,316.0,4,1,0.2101907006055383,0.3412187145239107,0.0,Low AOV,Low Eng,Low Prof,Low AOV | Low Eng | Low Prof,Low AOV | Low Eng | Low Prof
3813,2025-02-10,2025-09-13,945.0,2,4,0.27790085718324326,0.587019881687685,7.0,Low AOV,Low Eng,Low Prof,Low AOV | Low Eng | Low Prof,Low AOV | Low Eng | Low Prof
3831,2025-06-01,2025-09-19,5105.0,2,4,0.6387538278110257,0.8666348632338893,1.0,High AOV,Med Eng,High Prof,High AOV | Med Eng | High Prof,ELSE
3840,2025-07-23,2025-09-17,833.0,3,3,0.12663865281699438,0.6268212239504684,3.0,Low AOV,Low Eng,High Prof,Low AOV | Low Eng | High Prof,ELSE
3844,2025-04-16,2025-09-20,1400.0,3,1,0.1006750270687668,0.4851184325543678,0.0,Mid AOV,Low Eng,Low Prof,Mid AOV | Low Eng | Low Prof,Mid AOV
3852,2025-06-22,2025-09-13,212.0,8,8,0.3657026873469213,0.5927355785531558,7.0,Low AOV,Low Eng,Low Prof,Low AOV | Low Eng | Low Prof,Low AOV | Low Eng | Low Prof
3857,2025-06-16,2025-09-17,1960.0,5,2,0.3630487148548487,0.1366829078799064,3.0,Mid AOV,Low Eng,Low Prof,Mid AOV | Low Eng | Low Prof,Mid AOV
3869,2025-08-25,2025-09-13,1668.0,3,8,0.2647913542656432,0.5432802450473246,7.0,Mid AOV,Low Eng,Low Prof,Mid AOV | Low Eng | Low Prof,Mid AOV
3873,2024-12-27,2025-09-19,64.0,4,4,0.23313613089378826,0.1452665461510822,1.0,Low AOV,Low Eng,Low Prof,Low AOV | Low Eng | Low Prof,Low AOV | Low Eng | Low Prof
3882,2025-06-10,2025-09-17,717.0,4,8,0.6264604710652338,0.45163740261156665,3.0,Low AOV,Med Eng,Low Prof,Low AOV | Med Eng | Low Prof,Low AOV | Med Eng
3887,2025-04-14,2025-09-13,865.0,1,9,0.4142370537563418,0.27781242306502185,7.0,Low AOV,Med Eng,Low Prof,Low AOV | Med Eng | Low Prof,Low AOV | Med Eng
3889,2025-01-21,2025-09-15,671.0,4,4,0.16915255306917923,0.47485279244031847,5.0,Low AOV,Low Eng,Low Prof,Low AOV | Low Eng | Low Prof,Low AOV | Low Eng | Low Prof
3908,2025-06-26,2025-09-18,667.0,1,5,0.20414915189155594,0.7972370739738359,2.0,Low AOV,Low Eng,High Prof,Low AOV | Low Eng | High Prof,ELSE
3922,2025-02-23,2025-09-14,2151.0,3,1,0.8266885455901396,0.7399342929346318,6.0,Mid AOV,High Eng,High Prof,Mid AOV | High Eng | High Prof,Mid AOV
3924,2024-10-24,2025-09-17,5461.0,6,2,0.2759515132056765,0.1382795656271561,3.0,High AOV,Low Eng,Low Prof,High AOV | Low Eng | Low Prof,ELSE
3928,2024-10-04,2025-09-16,307.0,4,6,0.3260514700917916,0.24932533140990282,4.0,Low AOV,Low Eng,Low Prof,Low AOV | Low Eng | Low Prof,Low AOV | Low Eng | Low Prof
3934,2024-09-30,2025-09-20,223.0,4,3,0.35146029802326184,0.794244810475966,0.0,Low AOV,Low Eng,High Prof,Low AOV | Low Eng | High Prof,ELSE
3942,2025-05-04,2025-09-20,464.0,3,3,0.4092145035258753,0.4537355509676561,0.0,Low AOV,Med Eng,Low Prof,Low AOV | Med Eng | Low Prof,Low AOV | Med Eng
3951,2025-06-04,2025-09-18,2363.0,9,9,0.4234297316887124,0.5013577348274307,2.0,Mid AOV,Med Eng,Low Prof,Mid AOV | Med Eng | Low Prof,Mid AOV
3962,2025-09-12,2025-09-14,221.0,8,7,0.5344102145830247,0.5896697650496939,6.0,Low AOV,Med Eng,Low Prof,Low AOV | Med Eng | Low Prof,Low AOV | Med Eng
3967,2025-06-18,2025-09-16,4893.0,7,8,0.2884324808732183,0.4976696734128955,4.0,High AOV,Low Eng,Low Prof,High AOV | Low Eng | Low Prof,ELSE
3969,2025-08-12,2025-09-14,95.0,8,3,0.35827325570859425,0.08979830050097529,6.0,Low AOV,Low Eng,Low Prof,Low AOV | Low Eng | Low Prof,Low AOV | Low Eng | Low Prof
3988,2025-01-11,2025-09-19,371.0,4,3,0.3768212576635168,0.41487209438474454,1.0,Low AOV,Low Eng,Low Prof,Low AOV | Low Eng | Low Prof,Low AOV | Low Eng | Low Prof
3997,2024-09-21,2025-09-14,68.0,4,2,0.3929486071305434,0.3977290797495832,6.0,Low AOV,Low Eng,Low Prof,Low AOV | Low Eng | Low Prof,Low AOV | Low Eng | Low Prof
4025,2025-03-31,2025-09-16,395.0,5,5,0.7248027981960269,0.8806693426880146,4.0,Low AOV,High Eng,High Prof,Low AOV | High Eng | High Prof,ELSE
4026,2025-05-27,2025-09-19,271.0,1,3,0.7013154768961769,0.3978660804892561,1.0,Low AOV,High Eng,Low Prof,Low AOV | High Eng | Low Prof,ELSE
4030,2025-06-30,2025-09-20,2021.0,3,6,0.5895023101801512,0.21483708511768806,0.0,Mid AOV,Med Eng,Low Prof,Mid AOV | Med Eng | Low Prof,Mid AOV
4032,2025-05-29,2025-09-18,667.0,4,8,0.19583772055701734,0.4374704909573003,2.0,Low AOV,Low Eng,Low Prof,Low AOV | Low Eng | Low Prof,Low AOV | Low Eng | Low Prof
4034,2025-07-24,2025-09-18,677.0,2,7,0.38768920077995983,0.529324619601768,2.0,Low AOV,Low Eng,Low Prof,Low AOV | Low Eng | Low Prof,Low AOV | Low Eng | Low Prof
4050,2025-01-07,2025-09-16,332.0,3,2,0.8947217260629363,0.3623147075064704,4.0,Low AOV,High Eng,Low Prof,Low AOV | High Eng | Low Prof,ELSE
4051,2025-05-04,2025-09-19,559.0,5,9,0.6912997160306178,0.4658359940371879,1.0,Low AOV,Med Eng,Low Prof,Low AOV | Med Eng | Low Prof,Low AOV | Med Eng
4079,2024-12-23,2025-09-13,1518.0,7,9,0.27248901905374895,0.7591502759588944,7.0,Mid AOV,Low Eng,High Prof,Mid AOV | Low Eng | High Prof,Mid AOV
4083,2025-08-11,2025-09-17,199.0,6,7,0.6754797379232151,0.4649599601832982,3.0,Low AOV,Med Eng,Low Prof,Low AOV | Med Eng | Low Prof,Low AOV | Med Eng
4087,2025-08-27,2025-09-17,547.0,5,8,0.32924946999494564,0.6602670972660684,3.0,Low AOV,Low Eng,High Prof,Low AOV | Low Eng | High Prof,ELSE
4109,2025-04-05,2025-09-19,996.0,3,8,0.41889760472703746,0.3684391179010736,1.0,Low AOV,Med Eng,Low Prof,Low AOV | Med Eng | Low Prof,Low AOV | Med Eng
4115,2025-03-25,2025-09-17,1019.0,2,2,0.372894845597652,0.2724864828034049,3.0,Mid AOV,Low Eng,Low Prof,Mid AOV | Low Eng | Low Prof,Mid AOV
4130,2025-02-26,2025-09-13,80.0,5,8,0.4700019098572757,0.5494021517683924,7.0,Low AOV,Med Eng,Low Prof,Low AOV | Med Eng | Low Prof,Low AOV | Med Eng
4137,2025-02-19,2025-09-20,2599.0,5,6,0.19725037788058042,0.2710488625429052,0.0,Mid AOV,Low Eng,Low Prof,Mid AOV | Low Eng | Low Prof,Mid AOV
4141,2024-12-22,2025-09-18,1636.0,4,6,0.22434939876969434,0.16875431827495566,2.0,Mid AOV,Low Eng,Low Prof,Mid AOV | Low Eng | Low Prof,Mid AOV
4143,2024-12-07,2025-09-17,367.0,3,6,0.553401336043513,0.6238958735262472,3.0,Low AOV,Med Eng,High Prof,Low AOV | Med Eng | High Prof,Low AOV | Med Eng
4145,2025-08-19,2025-09-18,786.0,7,4,0.2516380222471575,0.1579699932912858,2.0,Low AOV,Low Eng,Low Prof,Low AOV | Low Eng | Low Prof,Low AOV | Low Eng | Low Prof
4157,2025-04-20,2025-09-14,2565.0,2,7,0.22778889343637473,0.1358903392548455,6.0,Mid AOV,Low Eng,Low Prof,Mid AOV | Low Eng | Low Prof,Mid AOV
4161,2025-01-22,2025-09-15,264.0,2,2,0.36486716007381775,0.7998974289108228,5.0,Low AOV,Low Eng,High Prof,Low AOV | Low Eng | High Prof,ELSE
4170,2025-06-08,2025-09-15,394.0,7,6,0.2654517398329306,0.3560113915503533,5.0,Low AOV,Low Eng,Low Prof,Low AOV | Low Eng | Low Prof,Low AOV | Low Eng | Low Prof
4171,2024-12-23,2025-09-20,128.0,2,1,0.04979965343845158,0.4106694295685833,0.0,Low AOV,Low Eng,Low Prof,Low AOV | Low Eng | Low Prof,Low AOV | Low Eng | Low Prof
4178,2025-07-01,2025-09-17,673.0,1,6,0.0960630502033943,0.8133822491028947,3.0,Low AOV,Low Eng,High Prof,Low AOV | Low Eng | High Prof,ELSE
4184,2025-01-01,2025-09-18,215.0,2,5,0.37983672868036605,0.37010794272641,2.0,Low AOV,Low Eng,Low Prof,Low AOV | Low Eng | Low Prof,Low AOV | Low Eng | Low Prof
4189,2024-10-18,2025-09-14,573.0,7,4,0.2566089427098039,0.27994329764684184,6.0,Low AOV,Low Eng,Low Prof,Low AOV | Low Eng | Low Prof,Low AOV | Low Eng | Low Prof
4194,2025-06-03,2025-09-15,728.0,9,2,0.2868048623865512,0.657490187488079,5.0,Low AOV,Low Eng,High Prof,Low AOV | Low Eng | High Prof,ELSE
4196,2025-03-12,2025-09-13,911.0,3,5,0.28614477141357847,0.3828972973622249,7.0,Low AOV,Low Eng,Low Prof,Low AOV | Low Eng | Low Prof,Low AOV | Low Eng | Low Prof
4200,2025-06-12,2025-09-16,366.0,1,5,0.534651586546516,0.1721946855176991,4.0,Low AOV,Med Eng,Low Prof,Low AOV | Med Eng | Low Prof,Low AOV | Med Eng
4204,2024-10-16,2025-09-20,621.0,6,1,0.5278310412633398,0.9112705886647172,0.0,Low AOV,Med Eng,High Prof,Low AOV | Med Eng | High Prof,Low AOV | Med Eng
4212,2025-01-16,2025-09-18,1481.0,5,7,0.7598489179874507,0.2070404349462671,2.0,Mid AOV,High Eng,Low Prof,Mid AOV | High Eng | Low Prof,Mid AOV
4216,2025-04-05,2025-09-17,717.0,1,4,0.6609201074451783,0.8632673046613647,3.0,Low AOV,Med Eng,High Prof,Low AOV | Med Eng | High Prof,Low AOV | Med Eng
4219,2024-12-11,2025-09-20,226.0,1,8,0.5842594071241068,0.8930279754167171,0.0,Low AOV,Med Eng,High Prof,Low AOV | Med Eng | High Prof,Low AOV | Med Eng
4232,2025-09-18,2025-09-14,288.0,4,5,0.8700897710386536,0.6196056173861086,6.0,Low AOV,High Eng,High Prof,Low AOV | High Eng | High Prof,ELSE
4241,2025-03-25,2025-09-18,568.0,6,3,0.33078546177080026,0.3627854583411145,2.0,Low AOV,Low Eng,Low Prof,Low AOV | Low Eng | Low Prof,Low AOV | Low Eng | Low Prof
4251,2025-05-03,2025-09-16,1205.0,3,1,0.7464134103881787,0.7708955819756942,4.0,Mid AOV,High Eng,High Prof,Mid AOV | High Eng | High Prof,Mid AOV
4297,2025-02-13,2025-09-14,1325.0,1,3,0.810183182760197,0.27860372348599916,6.0,Mid AOV,High Eng,Low Prof,Mid AOV | High Eng | Low Prof,Mid AOV
4298,2025-03-27,2025-09-20,390.0,3,6,0.1596813849789149,0.5068832956404704,0.0,Low AOV,Low Eng,Low Prof,Low AOV | Low Eng | Low Prof,Low AOV | Low Eng | Low Prof
4301,2024-12-28,2025-09-14,369.0,1,1,0.4032628289128002,0.1952865583270351,6.0,Low AOV,Med Eng,Low Prof,Low AOV | Med Eng | Low Prof,Low AOV | Med Eng
4302,2025-06-14,2025-09-16,141.0,6,9,0.4304853161923809,0.7935484573052797,4.0,Low AOV,Med Eng,High Prof,Low AOV | Med Eng | High Prof,Low AOV | Med Eng
4315,2025-04-16,2025-09-16,1175.0,6,6,0.26994661683007337,0.21944476029482568,4.0,Mid AOV,Low Eng,Low Prof,Mid AOV | Low Eng | Low Prof,Mid AOV
4321,2025-06-28,2025-09-20,217.0,4,3,0.44707978440346485,0.5789494997082307,0.0,Low AOV,Med Eng,Low Prof,Low AOV | Med Eng | Low Prof,Low AOV | Med Eng
4330,2025-07-09,2025-09-18,3781.0,8,5,0.35680627345290666,0.8848476322788746,2.0,High AOV,Low Eng,High Prof,High AOV | Low Eng | High Prof,ELSE
4332,2025-08-03,2025-09-18,3019.0,1,6,0.31943374951691766,0.13143422679098202,2.0,High AOV,Low Eng,Low Prof,High AOV | Low Eng | Low Prof,ELSE
4333,2024-10-29,2025-09-20,211.0,3,7,0.09217509193445929,0.11399941962967051,0.0,Low AOV,Low Eng,Low Prof,Low AOV | Low Eng | Low Prof,Low AOV | Low Eng | Low Prof
4339,2025-06-29,2025-09-14,1533.0,5,2,0.4020879753359936,0.6797118242513309,6.0,Mid AOV,Med Eng,High Prof,Mid AOV | Med Eng | High Prof,Mid AOV
4362,2025-01-26,2025-09-17,1601.0,7,6,0.1899597920981585,0.6236084480798848,3.0,Mid AOV,Low Eng,High Prof,Mid AOV | Low Eng | High Prof,Mid AOV
4366,2025-01-01,2025-09-16,1047.0,5,3,0.10402645646312773,0.5684240427095502,4.0,Mid AOV,Low Eng,Low Prof,Mid AOV | Low Eng | Low Prof,Mid AOV
4374,2025-01-19,2025-09-20,194.0,4,6,0.6832092136368144,0.2796895539048904,0.0,Low AOV,Med Eng,Low Prof,Low AOV | Med Eng | Low Prof,Low AOV | Med Eng
4375,2024-10-14,2025-09-15,96.0,0,1,0.4736832131209877,0.47743451778959906,5.0,Low AOV,Med Eng,Low Prof,Low AOV | Med Eng | Low Prof,Low AOV | Med Eng
4377,2024-12-23,2025-09-13,2177.0,5,1,0.9428034659525854,0.23332789928574146,7.0,Mid AOV,High Eng,Low Prof,Mid AOV | High Eng | Low Prof,Mid AOV
4380,2025-07-09,2025-09-17,374.0,6,4,0.38486110115479794,0.7564950097229507,3.0,Low AOV,Low Eng,High Prof,Low AOV | Low Eng | High Prof,ELSE
4399,2024-11-28,2025-09-13,315.0,4,1,0.23782588690373455,0.5230221645021581,7.0,Low AOV,Low Eng,Low Prof,Low AOV | Low Eng | Low Prof,Low AOV | Low Eng | Low Prof
4411,2024-10-17,2025-09-20,340.0,3,2,0.2594873335881152,0.5558076489647528,0.0,Low AOV,Low Eng,Low Prof,Low AOV | Low Eng | Low Prof,Low AOV | Low Eng | Low Prof
4413,2025-05-16,2025-09-13,1706.0,2,6,0.7661136633522119,0.5650488498670381,7.0,Mid AOV,High Eng,Low Prof,Mid AOV | High Eng | Low Prof,Mid AOV
4420,2024-11-03,2025-09-13,1619.0,5,2,0.3898777959441808,0.3072619930361978,7.0,Mid AOV,Low Eng,Low Prof,Mid AOV | Low Eng | Low Prof,Mid AOV
4424,2025-03-25,2025-09-16,1384.0,2,8,0.525143243573738,0.6313478717221646,4.0,Mid AOV,Med Eng,High Prof,Mid AOV | Med Eng | High Prof,Mid AOV
4426,2025-07-09,2025-09-17,1349.0,6,7,0.1229468741825139,0.1538244678941268,3.0,Mid AOV,Low Eng,Low Prof,Mid AOV | Low Eng | Low Prof,Mid AOV
4434,2025-05-06,2025-09-20,785.0,6,6,0.32727221700850884,0.4554303919540468,0.0,Low AOV,Low Eng,Low Prof,Low AOV | Low Eng | Low Prof,Low AOV | Low Eng | Low Prof
4445,2025-04-05,2025-09-19,649.0,5,4,0.34892178984545574,0.645672071341756,1.0,Low AOV,Low Eng,High Prof,Low AOV | Low Eng | High Prof,ELSE
4456,2025-05-04,2025-09-15,330.0,5,3,0.6317119899552197,0.7002632528854615,5.0,Low AOV,Med Eng,High Prof,Low AOV | Med Eng | High Prof,Low AOV | Med Eng
4463,2025-05-08,2025-09-18,489.0,1,2,0.34840010481410133,0.7329768970727467,2.0,Low AOV,Low Eng,High Prof,Low AOV | Low Eng | High Prof,ELSE
4468,2024-10-31,2025-09-17,698.0,5,7,0.3785914657488642,0.2415891794170047,3.0,Low AOV,Low Eng,Low Prof,Low AOV | Low Eng | Low Prof,Low AOV | Low Eng | Low Prof
4473,2025-01-21,2025-09-13,227.0,5,9,0.4769364156044918,0.8029731387000474,7.0,Low AOV,Med Eng,High Prof,Low AOV | Med Eng | High Prof,Low AOV | Med Eng
4494,2025-01-29,2025-09-17,1542.0,3,4,0.2631201761509356,0.2646262791108507,3.0,Mid AOV,Low Eng,Low Prof,Mid AOV | Low Eng | Low Prof,Mid AOV
4508,2024-10-03,2025-09-18,1165.0,5,1,0.3261742495290034,0.7623139135959317,2.0,Mid AOV,Low Eng,High Prof,Mid AOV | Low Eng | High Prof,Mid AOV
4518,2024-11-07,2025-09-17,1066.0,4,2,0.4059261601713419,0.3910315831802264,3.0,Mid AOV,Med Eng,Low Prof,Mid AOV | Med Eng | Low Prof,Mid AOV
4532,2025-01-24,2025-09-13,1236.0,4,1,0.363384942418483,0.7905501886961547,7.0,Mid AOV,Low Eng,High Prof,Mid AOV | Low Eng | High Prof,Mid AOV
4584,2025-02-27,2025-09-16,1281.0,3,9,0.4940685237527429,0.19352351955291328,4.0,Mid AOV,Med Eng,Low Prof,Mid AOV | Med Eng | Low Prof,Mid AOV
4589,2024-11-29,2025-09-14,1287.0,4,9,0.5688127373740205,0.4378105608404863,6.0,Mid AOV,Med Eng,Low Prof,Mid AOV | Med Eng | Low Prof,Mid AOV
4590,2025-05-15,2025-09-18,352.0,8,3,0.6532164576769354,0.763916239224493,2.0,Low AOV,Med Eng,High Prof,Low AOV | Med Eng | High Prof,Low AOV | Med Eng
4592,2024-12-12,2025-09-17,550.0,1,1,0.5785561257952642,0.2764266886480948,3.0,Low AOV,Med Eng,Low Prof,Low AOV | Med Eng | Low Prof,Low AOV | Med Eng
4594,2025-07-11,2025-09-14,250.0,4,2,0.3826217763436295,0.9910628971290577,6.0,Low AOV,Low Eng,High Prof,Low AOV | Low Eng | High Prof,ELSE
4597,2024-12-12,2025-09-18,2516.0,2,3,0.7758096311176952,0.8708634178430645,2.0,Mid AOV,High Eng,High Prof,Mid AOV | High Eng | High Prof,Mid AOV
4598,2024-11-19,2025-09-17,3772.0,4,5,0.3519720593701882,0.5863782697406639,3.0,High AOV,Low Eng,Low Prof,High AOV | Low Eng | Low Prof,ELSE
4609,2025-08-26,2025-09-20,1458.0,10,2,0.5967075709619455,0.5802391510825561,0.0,Mid AOV,Med Eng,Low Prof,Mid AOV | Med Eng | Low Prof,Mid AOV
4625,2025-06-26,2025-09-13,264.0,0,5,0.1975270056150966,0.5467138923377671,7.0,Low AOV,Low Eng,Low Prof,Low AOV | Low Eng | Low Prof,Low AOV | Low Eng | Low Prof
4646,2025-09-14,2025-09-13,1742.0,4,7,0.5130362255684386,0.12392000752368283,7.0,Mid AOV,Med Eng,Low Prof,Mid AOV | Med Eng | Low Prof,Mid AOV
4658,2025-06-30,2025-09-18,1038.0,4,2,0.3150468328255714,0.3073696991139629,2.0,Mid AOV,Low Eng,Low Prof,Mid AOV | Low Eng | Low Prof,Mid AOV
4660,2024-10-22,2025-09-18,1133.0,2,9,0.568399711756734,0.3202822548776192,2.0,Mid AOV,Med Eng,Low Prof,Mid AOV | Med Eng | Low Prof,Mid AOV
4665,2025-05-20,2025-09-20,1199.0,7,4,0.30138139745899245,0.21967264629198016,0.0,Mid AOV,Low Eng,Low Prof,Mid AOV | Low Eng | Low Prof,Mid AOV
4676,2025-07-20,2025-09-15,1330.0,4,3,0.7346208456130038,0.4094597561353951,5.0,Mid AOV,High Eng,Low Prof,Mid AOV | High Eng | Low Prof,Mid AOV
4677,2025-05-11,2025-09-16,159.0,4,7,0.550869928598775,0.1472978654097638,4.0,Low AOV,Med Eng,Low Prof,Low AOV | Med Eng | Low Prof,Low AOV | Med Eng
4683,2024-10-08,2025-09-14,57.0,5,5,0.6223757076770239,0.2615775436116353,6.0,Low AOV,Med Eng,Low Prof,Low AOV | Med Eng | Low Prof,Low AOV | Med Eng
4689,2025-04-14,2025-09-17,586.0,3,7,0.5350181682086786,0.5941945901469555,3.0,Low AOV,Med Eng,Low Prof,Low AOV | Med Eng | Low Prof,Low AOV | Med Eng
4698,2024-09-28,2025-09-15,589.0,4,8,0.23350922827475903,0.27353084891363416,5.0,Low AOV,Low Eng,Low Prof,Low AOV | Low Eng | Low Prof,Low AOV | Low Eng | Low Prof
4702,2025-02-23,2025-09-17,457.0,5,8,0.8543188406252272,0.9305222447106002,3.0,Low AOV,High Eng,High Prof,Low AOV | High Eng | High Prof,ELSE
4708,2025-07-23,2025-09-15,2687.0,0,3,0.42466826869581153,0.6670713262048775,5.0,Mid AOV,Med Eng,High Prof,Mid AOV | Med Eng | High Prof,Mid AOV
4724,2025-07-28,2025-09-15,3410.0,3,6,0.46097904347980523,0.6491830056441522,5.0,High AOV,Med Eng,High Prof,High AOV | Med Eng | High Prof,ELSE
4733,2025-02-10,2025-09-13,332.0,2,1,0.252954191218806,0.37740825609626166,7.0,Low AOV,Low Eng,Low Prof,Low AOV | Low Eng | Low Prof,Low AOV | Low Eng | Low Prof
4737,2025-02-25,2025-09-14,936.0,3,5,0.46831166487951276,0.5388173786503941,6.0,Low AOV,Med Eng,Low Prof,Low AOV | Med Eng | Low Prof,Low AOV | Med Eng
4744,2024-12-15,2025-09-19,874.0,7,8,0.4322284663250139,0.7854263329337036,1.0,Low AOV,Med Eng,High Prof,Low AOV | Med Eng | High Prof,Low AOV | Med Eng
4745,2025-04-27,2025-09-19,1761.0,4,5,0.4526404827680387,0.580389240898922,1.0,Mid AOV,Med Eng,Low Prof,Mid AOV | Med Eng | Low Prof,Mid AOV
4749,2024-11-30,2025-09-16,390.0,2,5,0.5570560380236549,0.5880786557029196,4.0,Low AOV,Med Eng,Low Prof,Low AOV | Med Eng | Low Prof,Low AOV | Med Eng
4752,2025-04-07,2025-09-13,582.0,8,2,0.49686919866077456,0.28072699209136165,7.0,Low AOV,Med Eng,Low Prof,Low AOV | Med Eng | Low Prof,Low AOV | Med Eng
4754,2025-07-21,2025-09-14,900.0,2,7,0.49136396172361413,0.24929136901326668,6.0,Low AOV,Med Eng,Low Prof,Low AOV | Med Eng | Low Prof,Low AOV | Med Eng
4770,2025-04-12,2025-09-14,2690.0,2,1,0.5331632315790271,0.6685319064737115,6.0,Mid AOV,Med Eng,High Prof,Mid AOV | Med Eng | High Prof,Mid AOV
4781,2024-11-08,2025-09-15,260.0,3,9,0.2102049352442162,0.7010523486050676,5.0,Low AOV,Low Eng,High Prof,Low AOV | Low Eng | High Prof,ELSE
4784,2025-03-26,2025-09-17,744.0,3,5,0.3900645547276879,0.28419970768020664,3.0,Low AOV,Low Eng,Low Prof,Low AOV | Low Eng | Low Prof,Low AOV | Low Eng | Low Prof
4786,2025-02-15,2025-09-13,563.0,6,3,0.49033836868685576,0.825858918415406,7.0,Low AOV,Med Eng,High Prof,Low AOV | Med Eng | High Prof,Low AOV | Med Eng
4790,2025-01-08,2025-09-20,2126.0,2,1,0.47809764214636286,0.2871820517418917,0.0,Mid AOV,Med Eng,Low Prof,Mid AOV | Med Eng | Low Prof,Mid AOV
4791,2025-06-08,2025-09-14,524.0,6,9,0.2928836841139879,0.4822377621667877,6.0,Low AOV,Low Eng,Low Prof,Low AOV | Low Eng | Low Prof,Low AOV | Low Eng | Low Prof
4806,2025-06-21,2025-09-20,816.0,4,9,0.3079855580994244,0.569838380274546,0.0,Low AOV,Low Eng,Low Prof,Low AOV | Low Eng | Low Prof,Low AOV | Low Eng | Low Prof
4812,2025-01-10,2025-09-16,181.0,8,1,0.6092621750770437,0.44838603070213023,4.0,Low AOV,Med Eng,Low Prof,Low AOV | Med Eng | Low Prof,Low AOV | Med Eng
4817,2024-12-03,2025-09-14,2047.0,5,3,0.4077129168165013,0.44839770885363883,6.0,Mid AOV,Med Eng,Low Prof,Mid AOV | Med Eng | Low Prof,Mid AOV
4821,2024-09-29,2025-09-15,1882.0,1,3,0.4699606997785733,0.606564150804152,5.0,Mid AOV,Med Eng,High Prof,Mid AOV | Med Eng | High Prof,Mid AOV
4839,2025-04-02,2025-09-14,2186.0,1,6,0.6790253956759623,0.8425806141639359,6.0,Mid AOV,Med Eng,High Prof,Mid AOV | Med Eng | High Prof,Mid AOV
4842,2025-04-20,2025-09-15,233.0,6,7,0.11159072168725692,0.1661252671334874,5.0,Low AOV,Low Eng,Low Prof,Low AOV | Low Eng | Low Prof,Low AOV | Low Eng | Low Prof
4853,2024-11-09,2025-09-15,1530.0,4,4,0.2580175090686987,0.17355218382228357,5.0,Mid AOV,Low Eng,Low Prof,Mid AOV | Low Eng | Low Prof,Mid AOV
4854,2025-07-31,2025-09-20,289.0,6,6,0.5040143240068702,0.14589487692211528,0.0,Low AOV,Med Eng,Low Prof,Low AOV | Med Eng | Low Prof,Low AOV | Med Eng
4878,2024-11-03,2025-09-16,443.0,1,5,0.48708961732890294,0.692466931638744,4.0,Low AOV,Med Eng,High Prof,Low AOV | Med Eng | High Prof,Low AOV | Med Eng
4879,2025-07-18,2025-09-20,776.0,2,1,0.09564849922460367,0.9472815626795559,0.0,Low AOV,Low Eng,High Prof,Low AOV | Low Eng | High Prof,ELSE
4882,2025-03-11,2025-09-19,1473.0,1,7,0.3670266164740377,0.633125263445065,1.0,Mid AOV,Low Eng,High Prof,Mid AOV | Low Eng | High Prof,Mid AOV
4894,2024-12-26,2025-09-20,395.0,4,5,0.698783635614537,0.49671956232880615,0.0,Low AOV,Med Eng,Low Prof,Low AOV | Med Eng | Low Prof,Low AOV | Med Eng
4896,2025-05-25,2025-09-15,755.0,7,7,0.3450780312178201,0.16233492730256932,5.0,Low AOV,Low Eng,Low Prof,Low AOV | Low Eng | Low Prof,Low AOV | Low Eng | Low Prof
4897,2025-08-31,2025-09-20,392.0,3,7,0.32522365406076087,0.5138638610500872,0.0,Low AOV,Low Eng,Low Prof,Low AOV | Low Eng | Low Prof,Low AOV | Low Eng | Low Prof
4902,2025-03-20,2025-09-17,484.0,5,9,0.46298546625356723,0.40879684937111477,3.0,Low AOV,Med Eng,Low Prof,Low AOV | Med Eng | Low Prof,Low AOV | Med Eng
4907,2024-12-01,2025-09-14,1220.0,5,7,0.2600904840122933,0.6226008201791997,6.0,Mid AOV,Low Eng,High Prof,Mid AOV | Low Eng | High Prof,Mid AOV
4908,2025-02-02,2025-09-14,323.0,6,5,0.4573834937722711,0.8460253771099423,6.0,Low AOV,Med Eng,High Prof,Low AOV | Med Eng | High Prof,Low AOV | Med Eng
4915,2025-04-23,2025-09-20,111.0,4,7,0.44180305633725836,0.630635032028485,0.0,Low AOV,Med Eng,High Prof,Low AOV | Med Eng | High Prof,Low AOV | Med Eng
4919,2024-11-28,2025-09-16,220.0,6,1,0.5539865629646241,0.7160678143986495,4.0,Low AOV,Med Eng,High Prof,Low AOV | Med Eng | High Prof,Low AOV | Med Eng
4929,2025-01-24,2025-09-15,1433.0,2,7,0.4945559771457796,0.2436715766671357,5.0,Mid AOV,Med Eng,Low Prof,Mid AOV | Med Eng | Low Prof,Mid AOV
4949,2025-02-01,2025-09-18,153.0,6,8,0.3696653224757179,0.7357841150316627,2.0,Low AOV,Low Eng,High Prof,Low AOV | Low Eng | High Prof,ELSE
4964,2024-12-18,2025-09-13,486.0,5,4,0.6128743219129436,0.8064824223589652,7.0,Low AOV,Med Eng,High Prof,Low AOV | Med Eng | High Prof,Low AOV | Med Eng
4966,2024-09-27,2025-09-15,999.0,6,1,0.2078165898797513,0.4656619226973221,5.0,Low AOV,Low Eng,Low Prof,Low AOV | Low Eng | Low Prof,Low AOV | Low Eng | Low Prof
4969,2024-12-23,2025-09-17,2989.0,4,6,0.13445936487555468,0.5588992027346306,3.0,Mid AOV,Low Eng,Low Prof,Mid AOV | Low Eng | Low Prof,Mid AOV
4971,2024-12-01,2025-09-14,1853.0,2,8,0.24695717205318582,0.7055968835405437,6.0,Mid AOV,Low Eng,High Prof,Mid AOV | Low Eng | High Prof,Mid AOV
4975,2024-11-28,2025-09-14,339.0,5,3,0.5072313371221546,0.7276508857998001,6.0,Low AOV,Med Eng,High Prof,Low AOV | Med Eng | High Prof,Low AOV | Med Eng
4977,2025-07-26,2025-09-19,332.0,4,9,0.17944636074631434,0.19888165651019934,1.0,Low AOV,Low Eng,Low Prof,Low AOV | Low Eng | Low Prof,Low AOV | Low Eng | Low Prof
